--
-- PostgreSQL database dump
--

-- Dumped from database version 17.5
-- Dumped by pg_dump version 17.5

SET statement_timeout = 0;
SET lock_timeout = 0;
SET idle_in_transaction_session_timeout = 0;
SET transaction_timeout = 0;
SET client_encoding = 'UTF8';
SET standard_conforming_strings = on;
SELECT pg_catalog.set_config('search_path', '', false);
SET check_function_bodies = false;
SET xmloption = content;
SET client_min_messages = warning;
SET row_security = off;

SET default_tablespace = '';

SET default_table_access_method = heap;

--
-- Name: AktiviteLoglar; Type: TABLE; Schema: public; Owner: postgres
--

CREATE TABLE public."AktiviteLoglar" (
    "Id" integer NOT NULL,
    "IslemZamani" timestamp without time zone NOT NULL,
    "IslemTipi" character varying(50) NOT NULL,
    "Modul" character varying(100) NOT NULL,
    "EntityTipi" character varying(100),
    "EntityId" integer,
    "EntityAdi" character varying(500),
    "Aciklama" character varying(1000),
    "EskiDeger" text,
    "YeniDeger" text,
    "KullaniciAdi" character varying(100),
    "IpAdresi" character varying(50),
    "Tarayici" character varying(500),
    "Seviye" integer NOT NULL,
    "CreatedAt" timestamp without time zone NOT NULL,
    "UpdatedAt" timestamp without time zone,
    "IsDeleted" boolean NOT NULL
);


ALTER TABLE public."AktiviteLoglar" OWNER TO postgres;

--
-- Name: AktiviteLoglar_Id_seq; Type: SEQUENCE; Schema: public; Owner: postgres
--

ALTER TABLE public."AktiviteLoglar" ALTER COLUMN "Id" ADD GENERATED BY DEFAULT AS IDENTITY (
    SEQUENCE NAME public."AktiviteLoglar_Id_seq"
    START WITH 1
    INCREMENT BY 1
    NO MINVALUE
    NO MAXVALUE
    CACHE 1
);


--
-- Name: AracEvrakDosyalari; Type: TABLE; Schema: public; Owner: postgres
--

CREATE TABLE public."AracEvrakDosyalari" (
    "Id" integer NOT NULL,
    "AracEvrakId" integer NOT NULL,
    "DosyaAdi" character varying(255) NOT NULL,
    "DosyaYolu" character varying(500) NOT NULL,
    "DosyaTipi" character varying(20),
    "DosyaBoyutu" bigint NOT NULL,
    "Aciklama" character varying(500),
    "CreatedAt" timestamp without time zone NOT NULL,
    "UpdatedAt" timestamp without time zone,
    "IsDeleted" boolean NOT NULL
);


ALTER TABLE public."AracEvrakDosyalari" OWNER TO postgres;

--
-- Name: AracEvrakDosyalari_Id_seq; Type: SEQUENCE; Schema: public; Owner: postgres
--

ALTER TABLE public."AracEvrakDosyalari" ALTER COLUMN "Id" ADD GENERATED BY DEFAULT AS IDENTITY (
    SEQUENCE NAME public."AracEvrakDosyalari_Id_seq"
    START WITH 1
    INCREMENT BY 1
    NO MINVALUE
    NO MAXVALUE
    CACHE 1
);


--
-- Name: AracEvraklari; Type: TABLE; Schema: public; Owner: postgres
--

CREATE TABLE public."AracEvraklari" (
    "Id" integer NOT NULL,
    "AracId" integer NOT NULL,
    "EvrakKategorisi" character varying(100) NOT NULL,
    "EvrakAdi" character varying(200),
    "Aciklama" character varying(500),
    "BaslangicTarihi" timestamp without time zone,
    "BitisTarihi" timestamp without time zone,
    "HatirlatmaTarihi" timestamp without time zone,
    "Tutar" numeric(18,2),
    "SigortaSirketi" character varying(100),
    "PoliceNo" character varying(100),
    "Durum" integer NOT NULL,
    "HatirlatmaAktif" boolean NOT NULL,
    "HatirlatmaGunOnce" integer NOT NULL,
    "CreatedAt" timestamp without time zone NOT NULL,
    "UpdatedAt" timestamp without time zone,
    "IsDeleted" boolean NOT NULL
);


ALTER TABLE public."AracEvraklari" OWNER TO postgres;

--
-- Name: AracEvraklari_Id_seq; Type: SEQUENCE; Schema: public; Owner: postgres
--

ALTER TABLE public."AracEvraklari" ALTER COLUMN "Id" ADD GENERATED BY DEFAULT AS IDENTITY (
    SEQUENCE NAME public."AracEvraklari_Id_seq"
    START WITH 1
    INCREMENT BY 1
    NO MINVALUE
    NO MAXVALUE
    CACHE 1
);


--
-- Name: AracIlanlari; Type: TABLE; Schema: public; Owner: postgres
--

CREATE TABLE public."AracIlanlari" (
    "Id" integer NOT NULL,
    "Plaka" character varying(15) NOT NULL,
    "Marka" character varying(50) NOT NULL,
    "Model" character varying(50) NOT NULL,
    "ModelYili" integer NOT NULL,
    "Versiyon" character varying(50),
    "Kilometre" integer NOT NULL,
    "YakitTuru" integer NOT NULL,
    "VitesTuru" integer NOT NULL,
    "KasaTipi" integer NOT NULL,
    "Renk" integer NOT NULL,
    "Durum" integer NOT NULL,
    "Boyali" boolean NOT NULL,
    "BoyaliParcaSayisi" integer NOT NULL,
    "BoyaliParcalar" text,
    "DegisenVar" boolean NOT NULL,
    "DegisenParcaSayisi" integer NOT NULL,
    "DegisenParcalar" text,
    "HasarKaydi" boolean NOT NULL,
    "HasarAciklama" text,
    "TramerKaydi" boolean NOT NULL,
    "TramerTutari" numeric(18,2) NOT NULL,
    "AlisFiyati" numeric(18,2) NOT NULL,
    "SatisFiyati" numeric(18,2) NOT NULL,
    "KaskoDegeri" numeric(18,2) NOT NULL,
    "PiyasaDegeriMin" numeric(18,2) NOT NULL,
    "PiyasaDegeriMax" numeric(18,2) NOT NULL,
    "PiyasaDegeriOrtalama" numeric(18,2) NOT NULL,
    "IlanDurum" integer NOT NULL,
    "IlanTarihi" timestamp without time zone NOT NULL,
    "SatisTarihi" timestamp without time zone,
    "Aciklama" text,
    "Notlar" text,
    "Fotograflar" text,
    "SahipCariId" integer,
    "SatisPersoneliId" integer,
    "CreatedAt" timestamp without time zone NOT NULL,
    "UpdatedAt" timestamp without time zone,
    "IsDeleted" boolean NOT NULL
);


ALTER TABLE public."AracIlanlari" OWNER TO postgres;

--
-- Name: AracIlanlari_Id_seq; Type: SEQUENCE; Schema: public; Owner: postgres
--

ALTER TABLE public."AracIlanlari" ALTER COLUMN "Id" ADD GENERATED BY DEFAULT AS IDENTITY (
    SEQUENCE NAME public."AracIlanlari_Id_seq"
    START WITH 1
    INCREMENT BY 1
    NO MINVALUE
    NO MAXVALUE
    CACHE 1
);


--
-- Name: AracMarkalari; Type: TABLE; Schema: public; Owner: postgres
--

CREATE TABLE public."AracMarkalari" (
    "Id" integer NOT NULL,
    "MarkaAdi" character varying(50) NOT NULL,
    "Logo" text,
    "SiraNo" integer NOT NULL,
    "Aktif" boolean NOT NULL,
    "CreatedAt" timestamp without time zone NOT NULL,
    "UpdatedAt" timestamp without time zone,
    "IsDeleted" boolean NOT NULL
);


ALTER TABLE public."AracMarkalari" OWNER TO postgres;

--
-- Name: AracMarkalari_Id_seq; Type: SEQUENCE; Schema: public; Owner: postgres
--

ALTER TABLE public."AracMarkalari" ALTER COLUMN "Id" ADD GENERATED BY DEFAULT AS IDENTITY (
    SEQUENCE NAME public."AracMarkalari_Id_seq"
    START WITH 1
    INCREMENT BY 1
    NO MINVALUE
    NO MAXVALUE
    CACHE 1
);


--
-- Name: AracMasraflari; Type: TABLE; Schema: public; Owner: postgres
--

CREATE TABLE public."AracMasraflari" (
    "Id" integer NOT NULL,
    "MasrafTarihi" timestamp without time zone NOT NULL,
    "Tutar" numeric(18,2) NOT NULL,
    "Aciklama" text,
    "BelgeNo" text,
    "ArizaKaynaklimi" boolean NOT NULL,
    "AracId" integer NOT NULL,
    "MasrafKalemiId" integer NOT NULL,
    "GuzergahId" integer,
    "ServisCalismaId" integer,
    "CreatedAt" timestamp without time zone NOT NULL,
    "UpdatedAt" timestamp without time zone,
    "IsDeleted" boolean NOT NULL
);


ALTER TABLE public."AracMasraflari" OWNER TO postgres;

--
-- Name: AracMasraflari_Id_seq; Type: SEQUENCE; Schema: public; Owner: postgres
--

ALTER TABLE public."AracMasraflari" ALTER COLUMN "Id" ADD GENERATED BY DEFAULT AS IDENTITY (
    SEQUENCE NAME public."AracMasraflari_Id_seq"
    START WITH 1
    INCREMENT BY 1
    NO MINVALUE
    NO MAXVALUE
    CACHE 1
);


--
-- Name: AracModelleri; Type: TABLE; Schema: public; Owner: postgres
--

CREATE TABLE public."AracModelleri" (
    "Id" integer NOT NULL,
    "MarkaId" integer NOT NULL,
    "ModelAdi" character varying(50) NOT NULL,
    "BaslangicYili" integer NOT NULL,
    "BitisYili" integer,
    "VarsayilanKasaTipi" integer NOT NULL,
    "Aktif" boolean NOT NULL,
    "CreatedAt" timestamp without time zone NOT NULL,
    "UpdatedAt" timestamp without time zone,
    "IsDeleted" boolean NOT NULL
);


ALTER TABLE public."AracModelleri" OWNER TO postgres;

--
-- Name: AracModelleri_Id_seq; Type: SEQUENCE; Schema: public; Owner: postgres
--

ALTER TABLE public."AracModelleri" ALTER COLUMN "Id" ADD GENERATED BY DEFAULT AS IDENTITY (
    SEQUENCE NAME public."AracModelleri_Id_seq"
    START WITH 1
    INCREMENT BY 1
    NO MINVALUE
    NO MAXVALUE
    CACHE 1
);


--
-- Name: AracPlakalar; Type: TABLE; Schema: public; Owner: postgres
--

CREATE TABLE public."AracPlakalar" (
    "Id" integer NOT NULL,
    "AracId" integer NOT NULL,
    "Plaka" character varying(15) NOT NULL,
    "GirisTarihi" timestamp without time zone NOT NULL,
    "CikisTarihi" timestamp without time zone,
    "IslemTipi" integer DEFAULT 1 NOT NULL,
    "Aciklama" character varying(500),
    "IslemTutari" numeric(18,2),
    "CariId" integer,
    "CreatedAt" timestamp without time zone DEFAULT CURRENT_TIMESTAMP NOT NULL,
    "UpdatedAt" timestamp without time zone,
    "IsDeleted" boolean DEFAULT false NOT NULL
);


ALTER TABLE public."AracPlakalar" OWNER TO postgres;

--
-- Name: AracPlakalar_Id_seq; Type: SEQUENCE; Schema: public; Owner: postgres
--

ALTER TABLE public."AracPlakalar" ALTER COLUMN "Id" ADD GENERATED BY DEFAULT AS IDENTITY (
    SEQUENCE NAME public."AracPlakalar_Id_seq"
    START WITH 1
    INCREMENT BY 1
    NO MINVALUE
    NO MAXVALUE
    CACHE 1
);


--
-- Name: AracSatislari; Type: TABLE; Schema: public; Owner: postgres
--

CREATE TABLE public."AracSatislari" (
    "Id" integer NOT NULL,
    "AracIlanId" integer NOT NULL,
    "AliciCariId" integer,
    "SatisPersoneliId" integer,
    "SatisTarihi" timestamp without time zone NOT NULL,
    "SatisFiyati" numeric(18,2) NOT NULL,
    "KomisyonTutari" numeric(18,2) NOT NULL,
    "OdemeSekli" integer NOT NULL,
    "Notlar" text,
    "CreatedAt" timestamp without time zone NOT NULL,
    "UpdatedAt" timestamp without time zone,
    "IsDeleted" boolean NOT NULL
);


ALTER TABLE public."AracSatislari" OWNER TO postgres;

--
-- Name: AracSatislari_Id_seq; Type: SEQUENCE; Schema: public; Owner: postgres
--

ALTER TABLE public."AracSatislari" ALTER COLUMN "Id" ADD GENERATED BY DEFAULT AS IDENTITY (
    SEQUENCE NAME public."AracSatislari_Id_seq"
    START WITH 1
    INCREMENT BY 1
    NO MINVALUE
    NO MAXVALUE
    CACHE 1
);


--
-- Name: Araclar; Type: TABLE; Schema: public; Owner: postgres
--

CREATE TABLE public."Araclar" (
    "Id" integer NOT NULL,
    "Plaka" character varying(15) NOT NULL,
    "Marka" character varying(50),
    "Model" character varying(50),
    "ModelYili" integer,
    "SaseNo" text NOT NULL,
    "MotorNo" text,
    "Renk" text,
    "KoltukSayisi" integer NOT NULL,
    "AracTipi" integer NOT NULL,
    "TrafikSigortaBitisTarihi" timestamp without time zone,
    "KaskoBitisTarihi" timestamp without time zone,
    "MuayeneBitisTarihi" timestamp without time zone,
    "KmDurumu" integer,
    "Aktif" boolean NOT NULL,
    "Notlar" text,
    "CreatedAt" timestamp without time zone NOT NULL,
    "UpdatedAt" timestamp without time zone,
    "IsDeleted" boolean NOT NULL,
    "AylikKiraBedeli" numeric(18,2),
    "GunlukKiraBedeli" numeric(18,2),
    "KiraHesaplamaTipi" integer,
    "KiralikCariId" integer,
    "KomisyonHesaplamaTipi" integer,
    "KomisyonOrani" numeric(5,2),
    "KomisyonVar" boolean DEFAULT false NOT NULL,
    "KomisyoncuCariId" integer,
    "SabitKomisyonTutari" numeric(18,2),
    "SahiplikTipi" integer DEFAULT 0 NOT NULL,
    "SeferBasinaKiraBedeli" numeric(18,2),
    "AktifPlaka" character varying(15),
    "SatisaAcik" boolean DEFAULT false NOT NULL,
    "SatisFiyati" numeric(18,2),
    "SatisaAcilmaTarihi" timestamp without time zone,
    "SatisAciklamasi" text
);


ALTER TABLE public."Araclar" OWNER TO postgres;

--
-- Name: Araclar_Id_seq; Type: SEQUENCE; Schema: public; Owner: postgres
--

ALTER TABLE public."Araclar" ALTER COLUMN "Id" ADD GENERATED BY DEFAULT AS IDENTITY (
    SEQUENCE NAME public."Araclar_Id_seq"
    START WITH 1
    INCREMENT BY 1
    NO MINVALUE
    NO MAXVALUE
    CACHE 1
);


--
-- Name: AylikChecklistler; Type: TABLE; Schema: public; Owner: postgres
--

CREATE TABLE public."AylikChecklistler" (
    "Id" integer NOT NULL,
    "Yil" integer NOT NULL,
    "Ay" integer NOT NULL,
    "ChecklistTipi" integer NOT NULL,
    "SoforId" integer,
    "AracId" integer,
    "GuzergahId" integer,
    "KontrolTarihi" timestamp without time zone,
    "KontrolEden" character varying(100),
    "GenelDurum" integer NOT NULL,
    "Notlar" text,
    "CreatedAt" timestamp without time zone NOT NULL,
    "UpdatedAt" timestamp without time zone,
    "IsDeleted" boolean NOT NULL
);


ALTER TABLE public."AylikChecklistler" OWNER TO postgres;

--
-- Name: AylikChecklistler_Id_seq; Type: SEQUENCE; Schema: public; Owner: postgres
--

ALTER TABLE public."AylikChecklistler" ALTER COLUMN "Id" ADD GENERATED BY DEFAULT AS IDENTITY (
    SEQUENCE NAME public."AylikChecklistler_Id_seq"
    START WITH 1
    INCREMENT BY 1
    NO MINVALUE
    NO MAXVALUE
    CACHE 1
);


--
-- Name: BankaHesaplari; Type: TABLE; Schema: public; Owner: postgres
--

CREATE TABLE public."BankaHesaplari" (
    "Id" integer NOT NULL,
    "HesapKodu" character varying(50) NOT NULL,
    "HesapAdi" character varying(200) NOT NULL,
    "HesapTipi" integer NOT NULL,
    "BankaAdi" character varying(100),
    "SubeAdi" text,
    "SubeKodu" text,
    "HesapNo" text,
    "Iban" character varying(34),
    "ParaBirimi" character varying(3),
    "AcilisBakiye" numeric(18,2) NOT NULL,
    "Aktif" boolean NOT NULL,
    "Notlar" text,
    "CreatedAt" timestamp without time zone NOT NULL,
    "UpdatedAt" timestamp without time zone,
    "IsDeleted" boolean NOT NULL
);


ALTER TABLE public."BankaHesaplari" OWNER TO postgres;

--
-- Name: BankaHesaplari_Id_seq; Type: SEQUENCE; Schema: public; Owner: postgres
--

ALTER TABLE public."BankaHesaplari" ALTER COLUMN "Id" ADD GENERATED BY DEFAULT AS IDENTITY (
    SEQUENCE NAME public."BankaHesaplari_Id_seq"
    START WITH 1
    INCREMENT BY 1
    NO MINVALUE
    NO MAXVALUE
    CACHE 1
);


--
-- Name: BankaKasaHareketleri; Type: TABLE; Schema: public; Owner: postgres
--

CREATE TABLE public."BankaKasaHareketleri" (
    "Id" integer NOT NULL,
    "IslemNo" character varying(50) NOT NULL,
    "IslemTarihi" timestamp without time zone NOT NULL,
    "HareketTipi" integer NOT NULL,
    "Tutar" numeric(18,2) NOT NULL,
    "Aciklama" text,
    "BelgeNo" text,
    "IslemKaynak" integer NOT NULL,
    "BankaHesapId" integer NOT NULL,
    "CariId" integer,
    "CreatedAt" timestamp without time zone NOT NULL,
    "UpdatedAt" timestamp without time zone,
    "IsDeleted" boolean NOT NULL
);


ALTER TABLE public."BankaKasaHareketleri" OWNER TO postgres;

--
-- Name: BankaKasaHareketleri_Id_seq; Type: SEQUENCE; Schema: public; Owner: postgres
--

ALTER TABLE public."BankaKasaHareketleri" ALTER COLUMN "Id" ADD GENERATED BY DEFAULT AS IDENTITY (
    SEQUENCE NAME public."BankaKasaHareketleri_Id_seq"
    START WITH 1
    INCREMENT BY 1
    NO MINVALUE
    NO MAXVALUE
    CACHE 1
);


--
-- Name: Bildirimler; Type: TABLE; Schema: public; Owner: postgres
--

CREATE TABLE public."Bildirimler" (
    "Id" integer NOT NULL,
    "KullaniciId" integer NOT NULL,
    "Baslik" character varying(200) NOT NULL,
    "Icerik" character varying(1000),
    "Tip" integer NOT NULL,
    "Oncelik" integer NOT NULL,
    "Okundu" boolean DEFAULT false NOT NULL,
    "OkunmaTarihi" timestamp without time zone,
    "IliskiliTablo" character varying(50),
    "IliskiliKayitId" integer,
    "Link" character varying(200),
    "SonGosterimTarihi" timestamp without time zone,
    "Tekrarli" boolean DEFAULT false NOT NULL,
    "CreatedAt" timestamp without time zone NOT NULL,
    "UpdatedAt" timestamp without time zone,
    "IsDeleted" boolean DEFAULT false NOT NULL
);


ALTER TABLE public."Bildirimler" OWNER TO postgres;

--
-- Name: Bildirimler_Id_seq; Type: SEQUENCE; Schema: public; Owner: postgres
--

ALTER TABLE public."Bildirimler" ALTER COLUMN "Id" ADD GENERATED BY DEFAULT AS IDENTITY (
    SEQUENCE NAME public."Bildirimler_Id_seq"
    START WITH 1
    INCREMENT BY 1
    NO MINVALUE
    NO MAXVALUE
    CACHE 1
);


--
-- Name: BudgetMasrafKalemleri; Type: TABLE; Schema: public; Owner: postgres
--

CREATE TABLE public."BudgetMasrafKalemleri" (
    "Id" integer NOT NULL,
    "KalemAdi" character varying(200) NOT NULL,
    "Kategori" character varying(100),
    "Renk" character varying(20),
    "Icon" character varying(50),
    "Aktif" boolean NOT NULL,
    "SiraNo" integer NOT NULL,
    "CreatedAt" timestamp without time zone NOT NULL,
    "UpdatedAt" timestamp without time zone,
    "IsDeleted" boolean NOT NULL
);


ALTER TABLE public."BudgetMasrafKalemleri" OWNER TO postgres;

--
-- Name: BudgetMasrafKalemleri_Id_seq; Type: SEQUENCE; Schema: public; Owner: postgres
--

ALTER TABLE public."BudgetMasrafKalemleri" ALTER COLUMN "Id" ADD GENERATED BY DEFAULT AS IDENTITY (
    SEQUENCE NAME public."BudgetMasrafKalemleri_Id_seq"
    START WITH 1
    INCREMENT BY 1
    NO MINVALUE
    NO MAXVALUE
    CACHE 1
);


--
-- Name: BudgetOdemeler; Type: TABLE; Schema: public; Owner: postgres
--

CREATE TABLE public."BudgetOdemeler" (
    "Id" integer NOT NULL,
    "OdemeTarihi" timestamp without time zone NOT NULL,
    "OdemeAy" integer NOT NULL,
    "OdemeYil" integer NOT NULL,
    "MasrafKalemi" character varying(200) NOT NULL,
    "Aciklama" character varying(500),
    "Miktar" numeric(18,2) NOT NULL,
    "TaksitliMi" boolean NOT NULL,
    "ToplamTaksitSayisi" integer NOT NULL,
    "KacinciTaksit" integer NOT NULL,
    "TaksitGrupId" uuid,
    "TaksitBaslangicAy" timestamp without time zone,
    "TaksitBitisAy" timestamp without time zone,
    "Durum" integer NOT NULL,
    "Notlar" character varying(1000),
    "CreatedAt" timestamp without time zone NOT NULL,
    "UpdatedAt" timestamp without time zone,
    "IsDeleted" boolean NOT NULL,
    "BankaKasaHareketId" integer,
    "FaturaId" integer,
    "FaturaIleKapatildi" boolean DEFAULT false NOT NULL,
    "GercekOdemeTarihi" timestamp without time zone,
    "OdemeNotu" text,
    "OdemeYapildigiHesapId" integer,
    "OdenenTutar" numeric,
    "FirmaId" integer
);


ALTER TABLE public."BudgetOdemeler" OWNER TO postgres;

--
-- Name: BudgetOdemeler_Id_seq; Type: SEQUENCE; Schema: public; Owner: postgres
--

ALTER TABLE public."BudgetOdemeler" ALTER COLUMN "Id" ADD GENERATED BY DEFAULT AS IDENTITY (
    SEQUENCE NAME public."BudgetOdemeler_Id_seq"
    START WITH 1
    INCREMENT BY 1
    NO MINVALUE
    NO MAXVALUE
    CACHE 1
);


--
-- Name: Cariler; Type: TABLE; Schema: public; Owner: postgres
--

CREATE TABLE public."Cariler" (
    "Id" integer NOT NULL,
    "CariKodu" character varying(50) NOT NULL,
    "Unvan" character varying(250) NOT NULL,
    "CariTipi" integer NOT NULL,
    "VergiDairesi" text,
    "VergiNo" character varying(20),
    "Adres" text,
    "Telefon" character varying(20),
    "Email" character varying(100),
    "YetkiliKisi" text,
    "Notlar" text,
    "CreatedAt" timestamp without time zone NOT NULL,
    "UpdatedAt" timestamp without time zone,
    "IsDeleted" boolean NOT NULL,
    "FirmaId" integer,
    "MuhasebeHesapId" integer,
    "Aktif" boolean DEFAULT false NOT NULL,
    "Alacak" numeric DEFAULT 0.0 NOT NULL,
    "Borc" numeric DEFAULT 0.0 NOT NULL,
    "TcKimlikNo" character varying(11),
    "SoforId" integer
);


ALTER TABLE public."Cariler" OWNER TO postgres;

--
-- Name: Cariler_Id_seq; Type: SEQUENCE; Schema: public; Owner: postgres
--

ALTER TABLE public."Cariler" ALTER COLUMN "Id" ADD GENERATED BY DEFAULT AS IDENTITY (
    SEQUENCE NAME public."Cariler_Id_seq"
    START WITH 1
    INCREMENT BY 1
    NO MINVALUE
    NO MAXVALUE
    CACHE 1
);


--
-- Name: ChecklistKalemleri; Type: TABLE; Schema: public; Owner: postgres
--

CREATE TABLE public."ChecklistKalemleri" (
    "Id" integer NOT NULL,
    "AylikChecklistId" integer NOT NULL,
    "KalemAdi" character varying(200) NOT NULL,
    "Durum" integer NOT NULL,
    "SonGecerlilikTarihi" timestamp without time zone,
    "KontrolTarihi" timestamp without time zone,
    "Aciklama" character varying(500),
    "SiraNo" integer NOT NULL,
    "CreatedAt" timestamp without time zone NOT NULL,
    "UpdatedAt" timestamp without time zone,
    "IsDeleted" boolean NOT NULL
);


ALTER TABLE public."ChecklistKalemleri" OWNER TO postgres;

--
-- Name: ChecklistKalemleri_Id_seq; Type: SEQUENCE; Schema: public; Owner: postgres
--

ALTER TABLE public."ChecklistKalemleri" ALTER COLUMN "Id" ADD GENERATED BY DEFAULT AS IDENTITY (
    SEQUENCE NAME public."ChecklistKalemleri_Id_seq"
    START WITH 1
    INCREMENT BY 1
    NO MINVALUE
    NO MAXVALUE
    CACHE 1
);


--
-- Name: DashboardWidgetlar; Type: TABLE; Schema: public; Owner: postgres
--

CREATE TABLE public."DashboardWidgetlar" (
    "Id" integer NOT NULL,
    "KullaniciId" integer NOT NULL,
    "WidgetKodu" character varying(50) NOT NULL,
    "Sira" integer DEFAULT 0 NOT NULL,
    "Kolon" integer DEFAULT 0 NOT NULL,
    "Genislik" integer DEFAULT 4 NOT NULL,
    "Gorunur" boolean DEFAULT true NOT NULL,
    "Kucultulmus" boolean DEFAULT false NOT NULL,
    "Ayarlar" text,
    "CreatedAt" timestamp without time zone NOT NULL,
    "UpdatedAt" timestamp without time zone,
    "IsDeleted" boolean DEFAULT false NOT NULL
);


ALTER TABLE public."DashboardWidgetlar" OWNER TO postgres;

--
-- Name: DashboardWidgetlar_Id_seq; Type: SEQUENCE; Schema: public; Owner: postgres
--

ALTER TABLE public."DashboardWidgetlar" ALTER COLUMN "Id" ADD GENERATED BY DEFAULT AS IDENTITY (
    SEQUENCE NAME public."DashboardWidgetlar_Id_seq"
    START WITH 1
    INCREMENT BY 1
    NO MINVALUE
    NO MAXVALUE
    CACHE 1
);


--
-- Name: EmailAyarlari; Type: TABLE; Schema: public; Owner: postgres
--

CREATE TABLE public."EmailAyarlari" (
    "Id" integer NOT NULL,
    "KullaniciId" integer,
    "SmtpSunucu" character varying(100) NOT NULL,
    "SmtpPort" integer NOT NULL,
    "SslKullan" boolean DEFAULT true NOT NULL,
    "Email" character varying(100) NOT NULL,
    "Sifre" character varying(100),
    "GonderenAdi" character varying(100),
    "Aktif" boolean DEFAULT true NOT NULL,
    "CreatedAt" timestamp without time zone NOT NULL,
    "UpdatedAt" timestamp without time zone,
    "IsDeleted" boolean DEFAULT false NOT NULL,
    "GelenKlasoru" character varying(100) DEFAULT ''::character varying NOT NULL,
    "GelenKutusuAktif" boolean DEFAULT false NOT NULL,
    "ImapPort" integer DEFAULT 0 NOT NULL,
    "ImapSslKullan" boolean DEFAULT false NOT NULL,
    "ImapSunucu" character varying(100)
);


ALTER TABLE public."EmailAyarlari" OWNER TO postgres;

--
-- Name: EmailAyarlari_Id_seq; Type: SEQUENCE; Schema: public; Owner: postgres
--

ALTER TABLE public."EmailAyarlari" ALTER COLUMN "Id" ADD GENERATED BY DEFAULT AS IDENTITY (
    SEQUENCE NAME public."EmailAyarlari_Id_seq"
    START WITH 1
    INCREMENT BY 1
    NO MINVALUE
    NO MAXVALUE
    CACHE 1
);


--
-- Name: FaturaKalemleri; Type: TABLE; Schema: public; Owner: postgres
--

CREATE TABLE public."FaturaKalemleri" (
    "Id" integer NOT NULL,
    "SiraNo" integer NOT NULL,
    "Aciklama" text NOT NULL,
    "Miktar" numeric(18,4) NOT NULL,
    "Birim" character varying(20) NOT NULL,
    "BirimFiyat" numeric(18,2) NOT NULL,
    "KdvOrani" numeric(5,2) NOT NULL,
    "KdvTutar" numeric(18,2) NOT NULL,
    "ToplamTutar" numeric(18,2) NOT NULL,
    "FaturaId" integer NOT NULL,
    "CreatedAt" timestamp without time zone NOT NULL,
    "UpdatedAt" timestamp without time zone,
    "IsDeleted" boolean NOT NULL
);


ALTER TABLE public."FaturaKalemleri" OWNER TO postgres;

--
-- Name: FaturaKalemleri_Id_seq; Type: SEQUENCE; Schema: public; Owner: postgres
--

ALTER TABLE public."FaturaKalemleri" ALTER COLUMN "Id" ADD GENERATED BY DEFAULT AS IDENTITY (
    SEQUENCE NAME public."FaturaKalemleri_Id_seq"
    START WITH 1
    INCREMENT BY 1
    NO MINVALUE
    NO MAXVALUE
    CACHE 1
);


--
-- Name: Faturalar; Type: TABLE; Schema: public; Owner: postgres
--

CREATE TABLE public."Faturalar" (
    "Id" integer NOT NULL,
    "FaturaNo" character varying(50) NOT NULL,
    "FaturaTarihi" timestamp without time zone NOT NULL,
    "VadeTarihi" timestamp without time zone,
    "FaturaTipi" integer NOT NULL,
    "Durum" integer NOT NULL,
    "AraToplam" numeric(18,2) NOT NULL,
    "KdvOrani" numeric(5,2) NOT NULL,
    "KdvTutar" numeric(18,2) NOT NULL,
    "GenelToplam" numeric(18,2) NOT NULL,
    "OdenenTutar" numeric(18,2) NOT NULL,
    "Aciklama" text,
    "Notlar" text,
    "CariId" integer NOT NULL,
    "CreatedAt" timestamp without time zone NOT NULL,
    "UpdatedAt" timestamp without time zone,
    "IsDeleted" boolean NOT NULL,
    "EFaturaTipi" integer DEFAULT 0 NOT NULL,
    "EttnNo" text,
    "FaturaYonu" integer DEFAULT 0 NOT NULL,
    "GibKodu" text,
    "GibOnayTarihi" timestamp without time zone,
    "ImportKaynak" text,
    "FirmaId" integer,
    "IskontoTutar" numeric DEFAULT 0.0 NOT NULL
);


ALTER TABLE public."Faturalar" OWNER TO postgres;

--
-- Name: Faturalar_Id_seq; Type: SEQUENCE; Schema: public; Owner: postgres
--

ALTER TABLE public."Faturalar" ALTER COLUMN "Id" ADD GENERATED BY DEFAULT AS IDENTITY (
    SEQUENCE NAME public."Faturalar_Id_seq"
    START WITH 1
    INCREMENT BY 1
    NO MINVALUE
    NO MAXVALUE
    CACHE 1
);


--
-- Name: Firmalar; Type: TABLE; Schema: public; Owner: postgres
--

CREATE TABLE public."Firmalar" (
    "Id" integer NOT NULL,
    "FirmaKodu" character varying(50) NOT NULL,
    "FirmaAdi" character varying(250) NOT NULL,
    "UnvanTam" character varying(250),
    "VergiNo" character varying(11),
    "VergiDairesi" character varying(100),
    "Adres" character varying(500),
    "Il" character varying(100),
    "Ilce" character varying(100),
    "Telefon" character varying(20),
    "Email" character varying(100),
    "WebSite" character varying(100),
    "Logo" text,
    "Aktif" boolean NOT NULL,
    "VarsayilanFirma" boolean NOT NULL,
    "SiraNo" integer NOT NULL,
    "AktifDonemYil" integer NOT NULL,
    "AktifDonemAy" integer NOT NULL,
    "CreatedAt" timestamp without time zone NOT NULL,
    "UpdatedAt" timestamp without time zone,
    "IsDeleted" boolean NOT NULL
);


ALTER TABLE public."Firmalar" OWNER TO postgres;

--
-- Name: Firmalar_Id_seq; Type: SEQUENCE; Schema: public; Owner: postgres
--

ALTER TABLE public."Firmalar" ALTER COLUMN "Id" ADD GENERATED BY DEFAULT AS IDENTITY (
    SEQUENCE NAME public."Firmalar_Id_seq"
    START WITH 1
    INCREMENT BY 1
    NO MINVALUE
    NO MAXVALUE
    CACHE 1
);


--
-- Name: Guzergahlar; Type: TABLE; Schema: public; Owner: postgres
--

CREATE TABLE public."Guzergahlar" (
    "Id" integer NOT NULL,
    "GuzergahKodu" character varying(50) NOT NULL,
    "GuzergahAdi" character varying(200) NOT NULL,
    "BaslangicNoktasi" text,
    "BitisNoktasi" text,
    "BirimFiyat" numeric(18,2) NOT NULL,
    "Mesafe" numeric(10,2),
    "TahminiSure" integer,
    "Aktif" boolean NOT NULL,
    "Notlar" text,
    "CariId" integer NOT NULL,
    "CreatedAt" timestamp without time zone NOT NULL,
    "UpdatedAt" timestamp without time zone,
    "IsDeleted" boolean NOT NULL
);


ALTER TABLE public."Guzergahlar" OWNER TO postgres;

--
-- Name: Guzergahlar_Id_seq; Type: SEQUENCE; Schema: public; Owner: postgres
--

ALTER TABLE public."Guzergahlar" ALTER COLUMN "Id" ADD GENERATED BY DEFAULT AS IDENTITY (
    SEQUENCE NAME public."Guzergahlar_Id_seq"
    START WITH 1
    INCREMENT BY 1
    NO MINVALUE
    NO MAXVALUE
    CACHE 1
);


--
-- Name: Hatirlaticilar; Type: TABLE; Schema: public; Owner: postgres
--

CREATE TABLE public."Hatirlaticilar" (
    "Id" integer NOT NULL,
    "KullaniciId" integer NOT NULL,
    "Baslik" character varying(200) NOT NULL,
    "Aciklama" text,
    "HatirlatmaTarihi" timestamp without time zone NOT NULL,
    "HatirlatmaSaati" interval,
    "Tekrar" integer DEFAULT 0 NOT NULL,
    "Oncelik" integer DEFAULT 1 NOT NULL,
    "Durum" integer DEFAULT 0 NOT NULL,
    "UygulamaIciBildirim" boolean DEFAULT true NOT NULL,
    "MailBildirim" boolean DEFAULT false NOT NULL,
    "CariId" integer,
    "FaturaId" integer,
    "TamamlanmaTarihi" timestamp without time zone,
    "Notlar" text,
    "CreatedAt" timestamp without time zone DEFAULT CURRENT_TIMESTAMP NOT NULL,
    "UpdatedAt" timestamp without time zone,
    "IsDeleted" boolean DEFAULT false NOT NULL
);


ALTER TABLE public."Hatirlaticilar" OWNER TO postgres;

--
-- Name: Hatirlaticilar_Id_seq; Type: SEQUENCE; Schema: public; Owner: postgres
--

CREATE SEQUENCE public."Hatirlaticilar_Id_seq"
    AS integer
    START WITH 1
    INCREMENT BY 1
    NO MINVALUE
    NO MAXVALUE
    CACHE 1;


ALTER SEQUENCE public."Hatirlaticilar_Id_seq" OWNER TO postgres;

--
-- Name: Hatirlaticilar_Id_seq; Type: SEQUENCE OWNED BY; Schema: public; Owner: postgres
--

ALTER SEQUENCE public."Hatirlaticilar_Id_seq" OWNED BY public."Hatirlaticilar"."Id";


--
-- Name: KullaniciBildirimleri; Type: TABLE; Schema: public; Owner: postgres
--

CREATE TABLE public."KullaniciBildirimleri" (
    "Id" integer NOT NULL,
    "KullaniciId" integer NOT NULL,
    "Baslik" character varying(200) NOT NULL,
    "Mesaj" text,
    "Tip" integer DEFAULT 0 NOT NULL,
    "Link" character varying(500),
    "OlusturmaTarihi" timestamp without time zone DEFAULT CURRENT_TIMESTAMP NOT NULL,
    "Okundu" boolean DEFAULT false NOT NULL,
    "OkunmaTarihi" timestamp without time zone,
    "IliskiliTablo" character varying(50),
    "IliskiliId" integer,
    "CreatedAt" timestamp without time zone DEFAULT CURRENT_TIMESTAMP NOT NULL,
    "UpdatedAt" timestamp without time zone,
    "IsDeleted" boolean DEFAULT false NOT NULL
);


ALTER TABLE public."KullaniciBildirimleri" OWNER TO postgres;

--
-- Name: KullaniciBildirimleri_Id_seq; Type: SEQUENCE; Schema: public; Owner: postgres
--

CREATE SEQUENCE public."KullaniciBildirimleri_Id_seq"
    AS integer
    START WITH 1
    INCREMENT BY 1
    NO MINVALUE
    NO MAXVALUE
    CACHE 1;


ALTER SEQUENCE public."KullaniciBildirimleri_Id_seq" OWNER TO postgres;

--
-- Name: KullaniciBildirimleri_Id_seq; Type: SEQUENCE OWNED BY; Schema: public; Owner: postgres
--

ALTER SEQUENCE public."KullaniciBildirimleri_Id_seq" OWNED BY public."KullaniciBildirimleri"."Id";


--
-- Name: KullaniciCariler; Type: TABLE; Schema: public; Owner: postgres
--

CREATE TABLE public."KullaniciCariler" (
    "Id" integer NOT NULL,
    "KullaniciId" integer NOT NULL,
    "CariId" integer NOT NULL,
    "EkstreGorebilir" boolean DEFAULT true NOT NULL,
    "FaturaGorebilir" boolean DEFAULT true NOT NULL,
    "OdemeYapabilir" boolean DEFAULT false NOT NULL,
    "DuzenlemeYapabilir" boolean DEFAULT false NOT NULL,
    "Tip" integer DEFAULT 0 NOT NULL,
    "Not" text,
    "CreatedAt" timestamp without time zone NOT NULL,
    "UpdatedAt" timestamp without time zone,
    "IsDeleted" boolean DEFAULT false NOT NULL
);


ALTER TABLE public."KullaniciCariler" OWNER TO postgres;

--
-- Name: KullaniciCariler_Id_seq; Type: SEQUENCE; Schema: public; Owner: postgres
--

ALTER TABLE public."KullaniciCariler" ALTER COLUMN "Id" ADD GENERATED BY DEFAULT AS IDENTITY (
    SEQUENCE NAME public."KullaniciCariler_Id_seq"
    START WITH 1
    INCREMENT BY 1
    NO MINVALUE
    NO MAXVALUE
    CACHE 1
);


--
-- Name: KullaniciCarileri; Type: TABLE; Schema: public; Owner: postgres
--

CREATE TABLE public."KullaniciCarileri" (
    "Id" integer NOT NULL,
    "KullaniciId" integer NOT NULL,
    "CariId" integer NOT NULL,
    "Yetki" integer DEFAULT 0 NOT NULL,
    "AtayanKullaniciId" integer NOT NULL,
    "AtanmaTarihi" timestamp without time zone DEFAULT CURRENT_TIMESTAMP NOT NULL,
    "Notlar" text,
    "CreatedAt" timestamp without time zone DEFAULT CURRENT_TIMESTAMP NOT NULL,
    "UpdatedAt" timestamp without time zone,
    "IsDeleted" boolean DEFAULT false NOT NULL
);


ALTER TABLE public."KullaniciCarileri" OWNER TO postgres;

--
-- Name: KullaniciCarileri_Id_seq; Type: SEQUENCE; Schema: public; Owner: postgres
--

CREATE SEQUENCE public."KullaniciCarileri_Id_seq"
    AS integer
    START WITH 1
    INCREMENT BY 1
    NO MINVALUE
    NO MAXVALUE
    CACHE 1;


ALTER SEQUENCE public."KullaniciCarileri_Id_seq" OWNER TO postgres;

--
-- Name: KullaniciCarileri_Id_seq; Type: SEQUENCE OWNED BY; Schema: public; Owner: postgres
--

ALTER SEQUENCE public."KullaniciCarileri_Id_seq" OWNED BY public."KullaniciCarileri"."Id";


--
-- Name: KullaniciMesajlari; Type: TABLE; Schema: public; Owner: postgres
--

CREATE TABLE public."KullaniciMesajlari" (
    "Id" integer NOT NULL,
    "GonderenId" integer NOT NULL,
    "AliciId" integer NOT NULL,
    "Mesaj" text NOT NULL,
    "GonderimTarihi" timestamp without time zone DEFAULT CURRENT_TIMESTAMP NOT NULL,
    "OkunmaTarihi" timestamp without time zone,
    "Okundu" boolean DEFAULT false NOT NULL,
    "DosyaYolu" text,
    "DosyaAdi" character varying(200),
    "Tip" integer DEFAULT 0 NOT NULL,
    "CreatedAt" timestamp without time zone DEFAULT CURRENT_TIMESTAMP NOT NULL,
    "UpdatedAt" timestamp without time zone,
    "IsDeleted" boolean DEFAULT false NOT NULL
);


ALTER TABLE public."KullaniciMesajlari" OWNER TO postgres;

--
-- Name: KullaniciMesajlari_Id_seq; Type: SEQUENCE; Schema: public; Owner: postgres
--

CREATE SEQUENCE public."KullaniciMesajlari_Id_seq"
    AS integer
    START WITH 1
    INCREMENT BY 1
    NO MINVALUE
    NO MAXVALUE
    CACHE 1;


ALTER SEQUENCE public."KullaniciMesajlari_Id_seq" OWNER TO postgres;

--
-- Name: KullaniciMesajlari_Id_seq; Type: SEQUENCE OWNED BY; Schema: public; Owner: postgres
--

ALTER SEQUENCE public."KullaniciMesajlari_Id_seq" OWNED BY public."KullaniciMesajlari"."Id";


--
-- Name: KullaniciOturumlari; Type: TABLE; Schema: public; Owner: postgres
--

CREATE TABLE public."KullaniciOturumlari" (
    "Id" integer NOT NULL,
    "KullaniciId" integer NOT NULL,
    "OturumAnahtari" character varying(100) NOT NULL,
    "GirisZamani" timestamp without time zone DEFAULT CURRENT_TIMESTAMP NOT NULL,
    "CikisZamani" timestamp without time zone,
    "SonAktiviteZamani" timestamp without time zone DEFAULT CURRENT_TIMESTAMP NOT NULL,
    "IpAdresi" character varying(50),
    "MakineAdi" character varying(100),
    "Tarayici" character varying(500),
    "Aktif" boolean DEFAULT true NOT NULL,
    "OturumSuresi" integer DEFAULT 480 NOT NULL,
    "IsDeleted" boolean DEFAULT false NOT NULL,
    "CreatedAt" timestamp without time zone DEFAULT CURRENT_TIMESTAMP NOT NULL,
    "UpdatedAt" timestamp without time zone
);


ALTER TABLE public."KullaniciOturumlari" OWNER TO postgres;

--
-- Name: KullaniciOturumlari_Id_seq; Type: SEQUENCE; Schema: public; Owner: postgres
--

CREATE SEQUENCE public."KullaniciOturumlari_Id_seq"
    AS integer
    START WITH 1
    INCREMENT BY 1
    NO MINVALUE
    NO MAXVALUE
    CACHE 1;


ALTER SEQUENCE public."KullaniciOturumlari_Id_seq" OWNER TO postgres;

--
-- Name: KullaniciOturumlari_Id_seq; Type: SEQUENCE OWNED BY; Schema: public; Owner: postgres
--

ALTER SEQUENCE public."KullaniciOturumlari_Id_seq" OWNED BY public."KullaniciOturumlari"."Id";


--
-- Name: Kullanicilar; Type: TABLE; Schema: public; Owner: postgres
--

CREATE TABLE public."Kullanicilar" (
    "Id" integer NOT NULL,
    "KullaniciAdi" character varying(50) NOT NULL,
    "SifreHash" text NOT NULL,
    "AdSoyad" character varying(100) NOT NULL,
    "Email" character varying(100),
    "Telefon" character varying(20),
    "SoforId" integer,
    "RolId" integer NOT NULL,
    "Aktif" boolean NOT NULL,
    "SonGirisTarihi" timestamp without time zone,
    "BasarisizGirisSayisi" integer NOT NULL,
    "Kilitli" boolean NOT NULL,
    "Tema" text NOT NULL,
    "KompaktMod" boolean NOT NULL,
    "CreatedAt" timestamp without time zone NOT NULL,
    "UpdatedAt" timestamp without time zone,
    "IsDeleted" boolean NOT NULL
);


ALTER TABLE public."Kullanicilar" OWNER TO postgres;

--
-- Name: Kullanicilar_Id_seq; Type: SEQUENCE; Schema: public; Owner: postgres
--

ALTER TABLE public."Kullanicilar" ALTER COLUMN "Id" ADD GENERATED BY DEFAULT AS IDENTITY (
    SEQUENCE NAME public."Kullanicilar_Id_seq"
    START WITH 1
    INCREMENT BY 1
    NO MINVALUE
    NO MAXVALUE
    CACHE 1
);


--
-- Name: Lisanslar; Type: TABLE; Schema: public; Owner: postgres
--

CREATE TABLE public."Lisanslar" (
    "Id" integer NOT NULL,
    "LisansAnahtari" text NOT NULL,
    "Tur" integer NOT NULL,
    "BaslangicTarihi" timestamp without time zone NOT NULL,
    "BitisTarihi" timestamp without time zone NOT NULL,
    "FirmaAdi" text,
    "YetkiliKisi" text,
    "Email" text,
    "Telefon" text,
    "MakineKodu" text NOT NULL,
    "MaxKullaniciSayisi" integer NOT NULL,
    "ExcelExportIzni" boolean NOT NULL,
    "PdfExportIzni" boolean NOT NULL,
    "RaporlamaIzni" boolean NOT NULL,
    "YedeklemeIzni" boolean NOT NULL,
    "MuhasebeIzni" boolean NOT NULL,
    "SatisModuluIzni" boolean NOT NULL,
    "Imza" text,
    "CreatedAt" timestamp without time zone NOT NULL,
    "UpdatedAt" timestamp without time zone,
    "IsDeleted" boolean NOT NULL
);


ALTER TABLE public."Lisanslar" OWNER TO postgres;

--
-- Name: Lisanslar_Id_seq; Type: SEQUENCE; Schema: public; Owner: postgres
--

ALTER TABLE public."Lisanslar" ALTER COLUMN "Id" ADD GENERATED BY DEFAULT AS IDENTITY (
    SEQUENCE NAME public."Lisanslar_Id_seq"
    START WITH 1
    INCREMENT BY 1
    NO MINVALUE
    NO MAXVALUE
    CACHE 1
);


--
-- Name: MailGonderimleri; Type: TABLE; Schema: public; Owner: postgres
--

CREATE TABLE public."MailGonderimleri" (
    "Id" integer NOT NULL,
    "GonderenKullaniciId" integer NOT NULL,
    "AliciEmail" character varying(200) NOT NULL,
    "AliciAdi" character varying(100),
    "Konu" character varying(200) NOT NULL,
    "Icerik" text NOT NULL,
    "HtmlFormat" boolean DEFAULT true NOT NULL,
    "GonderimTarihi" timestamp without time zone DEFAULT CURRENT_TIMESTAMP NOT NULL,
    "Durum" integer DEFAULT 0 NOT NULL,
    "HataMesaji" text,
    "DenemeSayisi" integer DEFAULT 0 NOT NULL,
    "CariId" integer,
    "FaturaId" integer,
    "CreatedAt" timestamp without time zone DEFAULT CURRENT_TIMESTAMP NOT NULL,
    "UpdatedAt" timestamp without time zone,
    "IsDeleted" boolean DEFAULT false NOT NULL
);


ALTER TABLE public."MailGonderimleri" OWNER TO postgres;

--
-- Name: MailGonderimleri_Id_seq; Type: SEQUENCE; Schema: public; Owner: postgres
--

CREATE SEQUENCE public."MailGonderimleri_Id_seq"
    AS integer
    START WITH 1
    INCREMENT BY 1
    NO MINVALUE
    NO MAXVALUE
    CACHE 1;


ALTER SEQUENCE public."MailGonderimleri_Id_seq" OWNER TO postgres;

--
-- Name: MailGonderimleri_Id_seq; Type: SEQUENCE OWNED BY; Schema: public; Owner: postgres
--

ALTER SEQUENCE public."MailGonderimleri_Id_seq" OWNED BY public."MailGonderimleri"."Id";


--
-- Name: MasrafKalemleri; Type: TABLE; Schema: public; Owner: postgres
--

CREATE TABLE public."MasrafKalemleri" (
    "Id" integer NOT NULL,
    "MasrafKodu" character varying(50) NOT NULL,
    "MasrafAdi" character varying(200) NOT NULL,
    "Kategori" integer NOT NULL,
    "Aktif" boolean NOT NULL,
    "Notlar" text,
    "CreatedAt" timestamp without time zone NOT NULL,
    "UpdatedAt" timestamp without time zone,
    "IsDeleted" boolean NOT NULL
);


ALTER TABLE public."MasrafKalemleri" OWNER TO postgres;

--
-- Name: MasrafKalemleri_Id_seq; Type: SEQUENCE; Schema: public; Owner: postgres
--

ALTER TABLE public."MasrafKalemleri" ALTER COLUMN "Id" ADD GENERATED BY DEFAULT AS IDENTITY (
    SEQUENCE NAME public."MasrafKalemleri_Id_seq"
    START WITH 1
    INCREMENT BY 1
    NO MINVALUE
    NO MAXVALUE
    CACHE 1
);


--
-- Name: MesajKonusmalari; Type: TABLE; Schema: public; Owner: postgres
--

CREATE TABLE public."MesajKonusmalari" (
    "Id" integer NOT NULL,
    "Kullanici1Id" integer NOT NULL,
    "Kullanici2Id" integer NOT NULL,
    "SonMesajTarihi" timestamp without time zone DEFAULT CURRENT_TIMESTAMP NOT NULL,
    "OkunmamisSayisi1" integer DEFAULT 0 NOT NULL,
    "OkunmamisSayisi2" integer DEFAULT 0 NOT NULL,
    "CreatedAt" timestamp without time zone DEFAULT CURRENT_TIMESTAMP NOT NULL,
    "UpdatedAt" timestamp without time zone,
    "IsDeleted" boolean DEFAULT false NOT NULL
);


ALTER TABLE public."MesajKonusmalari" OWNER TO postgres;

--
-- Name: MesajKonusmalari_Id_seq; Type: SEQUENCE; Schema: public; Owner: postgres
--

CREATE SEQUENCE public."MesajKonusmalari_Id_seq"
    AS integer
    START WITH 1
    INCREMENT BY 1
    NO MINVALUE
    NO MAXVALUE
    CACHE 1;


ALTER SEQUENCE public."MesajKonusmalari_Id_seq" OWNER TO postgres;

--
-- Name: MesajKonusmalari_Id_seq; Type: SEQUENCE OWNED BY; Schema: public; Owner: postgres
--

ALTER SEQUENCE public."MesajKonusmalari_Id_seq" OWNED BY public."MesajKonusmalari"."Id";


--
-- Name: Mesajlar; Type: TABLE; Schema: public; Owner: postgres
--

CREATE TABLE public."Mesajlar" (
    "Id" integer NOT NULL,
    "GonderenId" integer NOT NULL,
    "AliciId" integer,
    "Konu" character varying(200) NOT NULL,
    "Icerik" text NOT NULL,
    "Tip" integer DEFAULT 0 NOT NULL,
    "Durum" integer DEFAULT 1 NOT NULL,
    "Okundu" boolean DEFAULT false NOT NULL,
    "OkunmaTarihi" timestamp without time zone,
    "UstMesajId" integer,
    "DisAlici" character varying(200),
    "CreatedAt" timestamp without time zone NOT NULL,
    "UpdatedAt" timestamp without time zone,
    "IsDeleted" boolean DEFAULT false NOT NULL
);


ALTER TABLE public."Mesajlar" OWNER TO postgres;

--
-- Name: Mesajlar_Id_seq; Type: SEQUENCE; Schema: public; Owner: postgres
--

ALTER TABLE public."Mesajlar" ALTER COLUMN "Id" ADD GENERATED BY DEFAULT AS IDENTITY (
    SEQUENCE NAME public."Mesajlar_Id_seq"
    START WITH 1
    INCREMENT BY 1
    NO MINVALUE
    NO MAXVALUE
    CACHE 1
);


--
-- Name: ModulYetkileri; Type: TABLE; Schema: public; Owner: postgres
--

CREATE TABLE public."ModulYetkileri" (
    "Id" integer NOT NULL,
    "RolId" integer NOT NULL,
    "ModulKodu" character varying(50) NOT NULL,
    "Okuma" boolean DEFAULT false NOT NULL,
    "Ekleme" boolean DEFAULT false NOT NULL,
    "Duzenleme" boolean DEFAULT false NOT NULL,
    "Silme" boolean DEFAULT false NOT NULL,
    "Export" boolean DEFAULT false NOT NULL,
    "Import" boolean DEFAULT false NOT NULL,
    "Rapor" boolean DEFAULT false NOT NULL,
    "CreatedAt" timestamp without time zone DEFAULT CURRENT_TIMESTAMP NOT NULL,
    "UpdatedAt" timestamp without time zone,
    "IsDeleted" boolean DEFAULT false NOT NULL
);


ALTER TABLE public."ModulYetkileri" OWNER TO postgres;

--
-- Name: ModulYetkileri_Id_seq; Type: SEQUENCE; Schema: public; Owner: postgres
--

CREATE SEQUENCE public."ModulYetkileri_Id_seq"
    AS integer
    START WITH 1
    INCREMENT BY 1
    NO MINVALUE
    NO MAXVALUE
    CACHE 1;


ALTER SEQUENCE public."ModulYetkileri_Id_seq" OWNER TO postgres;

--
-- Name: ModulYetkileri_Id_seq; Type: SEQUENCE OWNED BY; Schema: public; Owner: postgres
--

ALTER SEQUENCE public."ModulYetkileri_Id_seq" OWNED BY public."ModulYetkileri"."Id";


--
-- Name: MuhasebeDonemleri; Type: TABLE; Schema: public; Owner: postgres
--

CREATE TABLE public."MuhasebeDonemleri" (
    "Id" integer NOT NULL,
    "Yil" integer NOT NULL,
    "Ay" integer NOT NULL,
    "BaslangicTarihi" timestamp without time zone NOT NULL,
    "BitisTarihi" timestamp without time zone NOT NULL,
    "Durum" integer NOT NULL,
    "KapanisTarihi" timestamp without time zone,
    "CreatedAt" timestamp without time zone NOT NULL,
    "UpdatedAt" timestamp without time zone,
    "IsDeleted" boolean NOT NULL
);


ALTER TABLE public."MuhasebeDonemleri" OWNER TO postgres;

--
-- Name: MuhasebeDonemleri_Id_seq; Type: SEQUENCE; Schema: public; Owner: postgres
--

ALTER TABLE public."MuhasebeDonemleri" ALTER COLUMN "Id" ADD GENERATED BY DEFAULT AS IDENTITY (
    SEQUENCE NAME public."MuhasebeDonemleri_Id_seq"
    START WITH 1
    INCREMENT BY 1
    NO MINVALUE
    NO MAXVALUE
    CACHE 1
);


--
-- Name: MuhasebeFisKalemleri; Type: TABLE; Schema: public; Owner: postgres
--

CREATE TABLE public."MuhasebeFisKalemleri" (
    "Id" integer NOT NULL,
    "FisId" integer NOT NULL,
    "HesapId" integer NOT NULL,
    "SiraNo" integer NOT NULL,
    "Borc" numeric(18,2) NOT NULL,
    "Alacak" numeric(18,2) NOT NULL,
    "Aciklama" text,
    "CariId" integer,
    "CreatedAt" timestamp without time zone NOT NULL,
    "UpdatedAt" timestamp without time zone,
    "IsDeleted" boolean NOT NULL
);


ALTER TABLE public."MuhasebeFisKalemleri" OWNER TO postgres;

--
-- Name: MuhasebeFisKalemleri_Id_seq; Type: SEQUENCE; Schema: public; Owner: postgres
--

ALTER TABLE public."MuhasebeFisKalemleri" ALTER COLUMN "Id" ADD GENERATED BY DEFAULT AS IDENTITY (
    SEQUENCE NAME public."MuhasebeFisKalemleri_Id_seq"
    START WITH 1
    INCREMENT BY 1
    NO MINVALUE
    NO MAXVALUE
    CACHE 1
);


--
-- Name: MuhasebeFisleri; Type: TABLE; Schema: public; Owner: postgres
--

CREATE TABLE public."MuhasebeFisleri" (
    "Id" integer NOT NULL,
    "FisNo" character varying(50) NOT NULL,
    "FisTarihi" timestamp without time zone NOT NULL,
    "FisTipi" integer NOT NULL,
    "Aciklama" text,
    "ToplamBorc" numeric(18,2) NOT NULL,
    "ToplamAlacak" numeric(18,2) NOT NULL,
    "Durum" integer NOT NULL,
    "Kaynak" integer NOT NULL,
    "KaynakId" integer,
    "KaynakTip" text,
    "CreatedAt" timestamp without time zone NOT NULL,
    "UpdatedAt" timestamp without time zone,
    "IsDeleted" boolean NOT NULL
);


ALTER TABLE public."MuhasebeFisleri" OWNER TO postgres;

--
-- Name: MuhasebeFisleri_Id_seq; Type: SEQUENCE; Schema: public; Owner: postgres
--

ALTER TABLE public."MuhasebeFisleri" ALTER COLUMN "Id" ADD GENERATED BY DEFAULT AS IDENTITY (
    SEQUENCE NAME public."MuhasebeFisleri_Id_seq"
    START WITH 1
    INCREMENT BY 1
    NO MINVALUE
    NO MAXVALUE
    CACHE 1
);


--
-- Name: MuhasebeHesaplari; Type: TABLE; Schema: public; Owner: postgres
--

CREATE TABLE public."MuhasebeHesaplari" (
    "Id" integer NOT NULL,
    "HesapKodu" character varying(10) NOT NULL,
    "HesapAdi" character varying(200) NOT NULL,
    "HesapTuru" integer NOT NULL,
    "HesapGrubu" integer NOT NULL,
    "UstHesapId" integer,
    "AltHesapVar" boolean NOT NULL,
    "Aktif" boolean NOT NULL,
    "SistemHesabi" boolean NOT NULL,
    "Aciklama" text,
    "CreatedAt" timestamp without time zone NOT NULL,
    "UpdatedAt" timestamp without time zone,
    "IsDeleted" boolean NOT NULL
);


ALTER TABLE public."MuhasebeHesaplari" OWNER TO postgres;

--
-- Name: MuhasebeHesaplari_Id_seq; Type: SEQUENCE; Schema: public; Owner: postgres
--

ALTER TABLE public."MuhasebeHesaplari" ALTER COLUMN "Id" ADD GENERATED BY DEFAULT AS IDENTITY (
    SEQUENCE NAME public."MuhasebeHesaplari_Id_seq"
    START WITH 1
    INCREMENT BY 1
    NO MINVALUE
    NO MAXVALUE
    CACHE 1
);


--
-- Name: OdemeEslestirmeleri; Type: TABLE; Schema: public; Owner: postgres
--

CREATE TABLE public."OdemeEslestirmeleri" (
    "Id" integer NOT NULL,
    "EslestirmeTarihi" timestamp without time zone NOT NULL,
    "EslestirilenTutar" numeric(18,2) NOT NULL,
    "Aciklama" text,
    "FaturaId" integer NOT NULL,
    "BankaKasaHareketId" integer NOT NULL,
    "CreatedAt" timestamp without time zone NOT NULL,
    "UpdatedAt" timestamp without time zone,
    "IsDeleted" boolean NOT NULL
);


ALTER TABLE public."OdemeEslestirmeleri" OWNER TO postgres;

--
-- Name: OdemeEslestirmeleri_Id_seq; Type: SEQUENCE; Schema: public; Owner: postgres
--

ALTER TABLE public."OdemeEslestirmeleri" ALTER COLUMN "Id" ADD GENERATED BY DEFAULT AS IDENTITY (
    SEQUENCE NAME public."OdemeEslestirmeleri_Id_seq"
    START WITH 1
    INCREMENT BY 1
    NO MINVALUE
    NO MAXVALUE
    CACHE 1
);


--
-- Name: PersonelIzinHaklari; Type: TABLE; Schema: public; Owner: postgres
--

CREATE TABLE public."PersonelIzinHaklari" (
    "Id" integer NOT NULL,
    "SoforId" integer NOT NULL,
    "Yil" integer NOT NULL,
    "YillikIzinHakki" integer NOT NULL,
    "KullanilanIzin" integer NOT NULL,
    "DevirenIzin" integer NOT NULL,
    "Notlar" text,
    "CreatedAt" timestamp without time zone NOT NULL,
    "UpdatedAt" timestamp without time zone,
    "IsDeleted" boolean NOT NULL
);


ALTER TABLE public."PersonelIzinHaklari" OWNER TO postgres;

--
-- Name: PersonelIzinHaklari_Id_seq; Type: SEQUENCE; Schema: public; Owner: postgres
--

ALTER TABLE public."PersonelIzinHaklari" ALTER COLUMN "Id" ADD GENERATED BY DEFAULT AS IDENTITY (
    SEQUENCE NAME public."PersonelIzinHaklari_Id_seq"
    START WITH 1
    INCREMENT BY 1
    NO MINVALUE
    NO MAXVALUE
    CACHE 1
);


--
-- Name: PersonelIzinleri; Type: TABLE; Schema: public; Owner: postgres
--

CREATE TABLE public."PersonelIzinleri" (
    "Id" integer NOT NULL,
    "SoforId" integer NOT NULL,
    "IzinTipi" integer NOT NULL,
    "BaslangicTarihi" timestamp without time zone NOT NULL,
    "BitisTarihi" timestamp without time zone NOT NULL,
    "Durum" integer NOT NULL,
    "OnaylayanKisi" text,
    "OnayTarihi" timestamp without time zone,
    "RedNedeni" text,
    "Aciklama" text,
    "Notlar" text,
    "CreatedAt" timestamp without time zone NOT NULL,
    "UpdatedAt" timestamp without time zone,
    "IsDeleted" boolean NOT NULL
);


ALTER TABLE public."PersonelIzinleri" OWNER TO postgres;

--
-- Name: PersonelIzinleri_Id_seq; Type: SEQUENCE; Schema: public; Owner: postgres
--

ALTER TABLE public."PersonelIzinleri" ALTER COLUMN "Id" ADD GENERATED BY DEFAULT AS IDENTITY (
    SEQUENCE NAME public."PersonelIzinleri_Id_seq"
    START WITH 1
    INCREMENT BY 1
    NO MINVALUE
    NO MAXVALUE
    CACHE 1
);


--
-- Name: PersonelMaaslari; Type: TABLE; Schema: public; Owner: postgres
--

CREATE TABLE public."PersonelMaaslari" (
    "Id" integer NOT NULL,
    "SoforId" integer NOT NULL,
    "Yil" integer NOT NULL,
    "Ay" integer NOT NULL,
    "BrutMaas" numeric(18,2) NOT NULL,
    "NetMaas" numeric(18,2) NOT NULL,
    "SGKIsciPayi" numeric(18,2) NOT NULL,
    "SGKIsverenPayi" numeric(18,2) NOT NULL,
    "GelirVergisi" numeric(18,2) NOT NULL,
    "DamgaVergisi" numeric(18,2) NOT NULL,
    "IssizlikPrimi" numeric(18,2) NOT NULL,
    "Prim" numeric(18,2) NOT NULL,
    "Ikramiye" numeric(18,2) NOT NULL,
    "Yemek" numeric(18,2) NOT NULL,
    "Yol" numeric(18,2) NOT NULL,
    "Mesai" numeric(18,2) NOT NULL,
    "DigerEklemeler" numeric(18,2) NOT NULL,
    "Avans" numeric(18,2) NOT NULL,
    "IcraTakibi" numeric(18,2) NOT NULL,
    "DigerKesintiler" numeric(18,2) NOT NULL,
    "OdemeTarihi" timestamp without time zone,
    "OdemeDurum" integer NOT NULL,
    "OdemeAciklama" text,
    "CalismaGunu" integer NOT NULL,
    "IzinliGun" integer NOT NULL,
    "RaporluGun" integer NOT NULL,
    "DevamsizlikGun" integer NOT NULL,
    "Notlar" text,
    "CreatedAt" timestamp without time zone NOT NULL,
    "UpdatedAt" timestamp without time zone,
    "IsDeleted" boolean NOT NULL
);


ALTER TABLE public."PersonelMaaslari" OWNER TO postgres;

--
-- Name: PersonelMaaslari_Id_seq; Type: SEQUENCE; Schema: public; Owner: postgres
--

ALTER TABLE public."PersonelMaaslari" ALTER COLUMN "Id" ADD GENERATED BY DEFAULT AS IDENTITY (
    SEQUENCE NAME public."PersonelMaaslari_Id_seq"
    START WITH 1
    INCREMENT BY 1
    NO MINVALUE
    NO MAXVALUE
    CACHE 1
);


--
-- Name: PiyasaIlanlari; Type: TABLE; Schema: public; Owner: postgres
--

CREATE TABLE public."PiyasaIlanlari" (
    "Id" integer NOT NULL,
    "AracIlanId" integer NOT NULL,
    "Kaynak" integer NOT NULL,
    "IlanUrl" text,
    "IlanNo" text,
    "Fiyat" numeric(18,2) NOT NULL,
    "Sehir" character varying(100),
    "Ilce" character varying(100),
    "Kilometre" integer NOT NULL,
    "Yil" integer NOT NULL,
    "Durum" text,
    "BoyaliParca" integer NOT NULL,
    "DegisenParca" integer NOT NULL,
    "TramerVar" boolean NOT NULL,
    "TramerTutari" numeric(18,2),
    "TaramaTarihi" timestamp without time zone NOT NULL,
    "EkBilgiler" text,
    "CreatedAt" timestamp without time zone NOT NULL,
    "UpdatedAt" timestamp without time zone,
    "IsDeleted" boolean NOT NULL
);


ALTER TABLE public."PiyasaIlanlari" OWNER TO postgres;

--
-- Name: PiyasaIlanlari_Id_seq; Type: SEQUENCE; Schema: public; Owner: postgres
--

ALTER TABLE public."PiyasaIlanlari" ALTER COLUMN "Id" ADD GENERATED BY DEFAULT AS IDENTITY (
    SEQUENCE NAME public."PiyasaIlanlari_Id_seq"
    START WITH 1
    INCREMENT BY 1
    NO MINVALUE
    NO MAXVALUE
    CACHE 1
);


--
-- Name: PiyasaKaynaklar; Type: TABLE; Schema: public; Owner: postgres
--

CREATE TABLE public."PiyasaKaynaklar" (
    "Id" integer NOT NULL,
    "Ad" character varying(100) NOT NULL,
    "Kod" character varying(50) NOT NULL,
    "BaseUrl" character varying(500) NOT NULL,
    "AramaUrl" character varying(500),
    "AramaParametreleri" character varying(1000),
    "Selectors" character varying(2000),
    "DesteklenenMarkalar" character varying(500),
    "KaynakTipi" character varying(50) DEFAULT 'Genel'::character varying,
    "Sira" integer DEFAULT 99,
    "Aktif" boolean DEFAULT true,
    "OlusturmaTarihi" timestamp without time zone DEFAULT CURRENT_TIMESTAMP,
    "GuncellemeTarihi" timestamp without time zone,
    "IsDeleted" boolean DEFAULT false
);


ALTER TABLE public."PiyasaKaynaklar" OWNER TO postgres;

--
-- Name: PiyasaKaynaklar_Id_seq; Type: SEQUENCE; Schema: public; Owner: postgres
--

CREATE SEQUENCE public."PiyasaKaynaklar_Id_seq"
    AS integer
    START WITH 1
    INCREMENT BY 1
    NO MINVALUE
    NO MAXVALUE
    CACHE 1;


ALTER SEQUENCE public."PiyasaKaynaklar_Id_seq" OWNER TO postgres;

--
-- Name: PiyasaKaynaklar_Id_seq; Type: SEQUENCE OWNED BY; Schema: public; Owner: postgres
--

ALTER SEQUENCE public."PiyasaKaynaklar_Id_seq" OWNED BY public."PiyasaKaynaklar"."Id";


--
-- Name: Randevular; Type: TABLE; Schema: public; Owner: postgres
--

CREATE TABLE public."Randevular" (
    "Id" integer NOT NULL,
    "KullaniciId" integer NOT NULL,
    "Baslik" character varying(200) NOT NULL,
    "Aciklama" text,
    "Konum" character varying(200),
    "BaslangicTarihi" timestamp without time zone NOT NULL,
    "BitisTarihi" timestamp without time zone NOT NULL,
    "TumGun" boolean DEFAULT false NOT NULL,
    "Tip" integer DEFAULT 0 NOT NULL,
    "Durum" integer DEFAULT 0 NOT NULL,
    "CariId" integer,
    "KatilimciIdleri" text,
    "HatirlatmaDakika" integer DEFAULT 15 NOT NULL,
    "HatirlatmaGonderildi" boolean DEFAULT false NOT NULL,
    "Renk" character varying(20) DEFAULT '#0d6efd'::character varying,
    "CreatedAt" timestamp without time zone DEFAULT CURRENT_TIMESTAMP NOT NULL,
    "UpdatedAt" timestamp without time zone,
    "IsDeleted" boolean DEFAULT false NOT NULL
);


ALTER TABLE public."Randevular" OWNER TO postgres;

--
-- Name: Randevular_Id_seq; Type: SEQUENCE; Schema: public; Owner: postgres
--

CREATE SEQUENCE public."Randevular_Id_seq"
    AS integer
    START WITH 1
    INCREMENT BY 1
    NO MINVALUE
    NO MAXVALUE
    CACHE 1;


ALTER SEQUENCE public."Randevular_Id_seq" OWNER TO postgres;

--
-- Name: Randevular_Id_seq; Type: SEQUENCE OWNED BY; Schema: public; Owner: postgres
--

ALTER SEQUENCE public."Randevular_Id_seq" OWNED BY public."Randevular"."Id";


--
-- Name: RolYetkileri; Type: TABLE; Schema: public; Owner: postgres
--

CREATE TABLE public."RolYetkileri" (
    "Id" integer NOT NULL,
    "RolId" integer NOT NULL,
    "YetkiKodu" character varying(100) NOT NULL,
    "Izin" boolean NOT NULL,
    "CreatedAt" timestamp without time zone NOT NULL,
    "UpdatedAt" timestamp without time zone,
    "IsDeleted" boolean NOT NULL
);


ALTER TABLE public."RolYetkileri" OWNER TO postgres;

--
-- Name: RolYetkileri_Id_seq; Type: SEQUENCE; Schema: public; Owner: postgres
--

ALTER TABLE public."RolYetkileri" ALTER COLUMN "Id" ADD GENERATED BY DEFAULT AS IDENTITY (
    SEQUENCE NAME public."RolYetkileri_Id_seq"
    START WITH 1
    INCREMENT BY 1
    NO MINVALUE
    NO MAXVALUE
    CACHE 1
);


--
-- Name: Roller; Type: TABLE; Schema: public; Owner: postgres
--

CREATE TABLE public."Roller" (
    "Id" integer NOT NULL,
    "RolAdi" character varying(50) NOT NULL,
    "Aciklama" text,
    "SistemRolu" boolean NOT NULL,
    "CreatedAt" timestamp without time zone NOT NULL,
    "UpdatedAt" timestamp without time zone,
    "IsDeleted" boolean NOT NULL,
    "Renk" character varying(20) DEFAULT '#dc3545'::character varying
);


ALTER TABLE public."Roller" OWNER TO postgres;

--
-- Name: Roller_Id_seq; Type: SEQUENCE; Schema: public; Owner: postgres
--

ALTER TABLE public."Roller" ALTER COLUMN "Id" ADD GENERATED BY DEFAULT AS IDENTITY (
    SEQUENCE NAME public."Roller_Id_seq"
    START WITH 1
    INCREMENT BY 1
    NO MINVALUE
    NO MAXVALUE
    CACHE 1
);


--
-- Name: SatisPersonelleri; Type: TABLE; Schema: public; Owner: postgres
--

CREATE TABLE public."SatisPersonelleri" (
    "Id" integer NOT NULL,
    "PersonelKodu" character varying(50) NOT NULL,
    "AdSoyad" character varying(100) NOT NULL,
    "Telefon" character varying(20),
    "Email" character varying(100),
    "Aktif" boolean NOT NULL,
    "KomisyonOrani" numeric(5,2) NOT NULL,
    "SabitKomisyon" numeric(18,2) NOT NULL,
    "AylikSatisHedefi" numeric(18,2) NOT NULL,
    "AylikAracHedefi" integer NOT NULL,
    "CreatedAt" timestamp without time zone NOT NULL,
    "UpdatedAt" timestamp without time zone,
    "IsDeleted" boolean NOT NULL
);


ALTER TABLE public."SatisPersonelleri" OWNER TO postgres;

--
-- Name: SatisPersonelleri_Id_seq; Type: SEQUENCE; Schema: public; Owner: postgres
--

ALTER TABLE public."SatisPersonelleri" ALTER COLUMN "Id" ADD GENERATED BY DEFAULT AS IDENTITY (
    SEQUENCE NAME public."SatisPersonelleri_Id_seq"
    START WITH 1
    INCREMENT BY 1
    NO MINVALUE
    NO MAXVALUE
    CACHE 1
);


--
-- Name: ServisCalismalari; Type: TABLE; Schema: public; Owner: postgres
--

CREATE TABLE public."ServisCalismalari" (
    "Id" integer NOT NULL,
    "CalismaTarihi" timestamp without time zone NOT NULL,
    "ServisTuru" integer NOT NULL,
    "Fiyat" numeric(18,2),
    "KmBaslangic" integer,
    "KmBitis" integer,
    "BaslangicSaati" interval,
    "BitisSaati" interval,
    "ArizaOlduMu" boolean NOT NULL,
    "ArizaAciklamasi" text,
    "Durum" integer NOT NULL,
    "Notlar" text,
    "AracId" integer NOT NULL,
    "SoforId" integer NOT NULL,
    "GuzergahId" integer NOT NULL,
    "CreatedAt" timestamp without time zone NOT NULL,
    "UpdatedAt" timestamp without time zone,
    "IsDeleted" boolean NOT NULL
);


ALTER TABLE public."ServisCalismalari" OWNER TO postgres;

--
-- Name: ServisCalismalari_Id_seq; Type: SEQUENCE; Schema: public; Owner: postgres
--

ALTER TABLE public."ServisCalismalari" ALTER COLUMN "Id" ADD GENERATED BY DEFAULT AS IDENTITY (
    SEQUENCE NAME public."ServisCalismalari_Id_seq"
    START WITH 1
    INCREMENT BY 1
    NO MINVALUE
    NO MAXVALUE
    CACHE 1
);


--
-- Name: Soforler; Type: TABLE; Schema: public; Owner: postgres
--

CREATE TABLE public."Soforler" (
    "Id" integer NOT NULL,
    "SoforKodu" character varying(50) NOT NULL,
    "Ad" character varying(100) NOT NULL,
    "Soyad" character varying(100) NOT NULL,
    "TcKimlikNo" character varying(11),
    "Telefon" character varying(20),
    "Email" text,
    "Adres" text,
    "EhliyetNo" text,
    "EhliyetGecerlilikTarihi" timestamp without time zone,
    "IseBaslamaTarihi" timestamp without time zone,
    "Aktif" boolean NOT NULL,
    "Notlar" text,
    "CreatedAt" timestamp without time zone NOT NULL,
    "UpdatedAt" timestamp without time zone,
    "IsDeleted" boolean NOT NULL,
    "BankaAdi" text,
    "BrutMaas" numeric DEFAULT 0.0 NOT NULL,
    "Departman" text,
    "Gorev" integer DEFAULT 0 NOT NULL,
    "IBAN" text,
    "IstenAyrilmaTarihi" timestamp without time zone,
    "NetMaas" numeric DEFAULT 0.0 NOT NULL,
    "Pozisyon" text,
    "PsikoteknikGecerlilikTarihi" timestamp without time zone,
    "SaglikRaporuGecerlilikTarihi" timestamp without time zone,
    "SrcBelgesiGecerlilikTarihi" timestamp without time zone
);


ALTER TABLE public."Soforler" OWNER TO postgres;

--
-- Name: Soforler_Id_seq; Type: SEQUENCE; Schema: public; Owner: postgres
--

ALTER TABLE public."Soforler" ALTER COLUMN "Id" ADD GENERATED BY DEFAULT AS IDENTITY (
    SEQUENCE NAME public."Soforler_Id_seq"
    START WITH 1
    INCREMENT BY 1
    NO MINVALUE
    NO MAXVALUE
    CACHE 1
);


--
-- Name: TekrarlayanOdemeler; Type: TABLE; Schema: public; Owner: postgres
--

CREATE TABLE public."TekrarlayanOdemeler" (
    "Id" integer NOT NULL,
    "OdemeAdi" character varying(200) NOT NULL,
    "MasrafKalemi" character varying(200) NOT NULL,
    "Aciklama" character varying(500),
    "Tutar" numeric(18,2) NOT NULL,
    "Periyod" integer DEFAULT 1 NOT NULL,
    "OdemeGunu" integer DEFAULT 1 NOT NULL,
    "BaslangicTarihi" timestamp without time zone DEFAULT CURRENT_TIMESTAMP NOT NULL,
    "BitisTarihi" timestamp without time zone,
    "HatirlatmaGunSayisi" integer DEFAULT 3 NOT NULL,
    "FirmaId" integer,
    "Aktif" boolean DEFAULT true NOT NULL,
    "Renk" character varying(20) DEFAULT '#dc3545'::character varying,
    "Icon" character varying(50) DEFAULT 'bi-arrow-repeat'::character varying,
    "Notlar" character varying(1000),
    "CreatedAt" timestamp without time zone DEFAULT CURRENT_TIMESTAMP NOT NULL,
    "UpdatedAt" timestamp without time zone,
    "IsDeleted" boolean DEFAULT false NOT NULL
);


ALTER TABLE public."TekrarlayanOdemeler" OWNER TO postgres;

--
-- Name: TekrarlayanOdemeler_Id_seq; Type: SEQUENCE; Schema: public; Owner: postgres
--

CREATE SEQUENCE public."TekrarlayanOdemeler_Id_seq"
    AS integer
    START WITH 1
    INCREMENT BY 1
    NO MINVALUE
    NO MAXVALUE
    CACHE 1;


ALTER SEQUENCE public."TekrarlayanOdemeler_Id_seq" OWNER TO postgres;

--
-- Name: TekrarlayanOdemeler_Id_seq; Type: SEQUENCE OWNED BY; Schema: public; Owner: postgres
--

ALTER SEQUENCE public."TekrarlayanOdemeler_Id_seq" OWNED BY public."TekrarlayanOdemeler"."Id";


--
-- Name: WhatsAppAyarlari; Type: TABLE; Schema: public; Owner: postgres
--

CREATE TABLE public."WhatsAppAyarlari" (
    "Id" integer NOT NULL,
    "KullaniciId" integer,
    "Telefon" character varying(20) NOT NULL,
    "ApiKey" character varying(200),
    "WebhookUrl" character varying(200),
    "Aktif" boolean DEFAULT true NOT NULL,
    "CreatedAt" timestamp without time zone NOT NULL,
    "UpdatedAt" timestamp without time zone,
    "IsDeleted" boolean DEFAULT false NOT NULL,
    "HizliSablonlarJson" character varying(4000)
);


ALTER TABLE public."WhatsAppAyarlari" OWNER TO postgres;

--
-- Name: WhatsAppAyarlari_Id_seq; Type: SEQUENCE; Schema: public; Owner: postgres
--

ALTER TABLE public."WhatsAppAyarlari" ALTER COLUMN "Id" ADD GENERATED BY DEFAULT AS IDENTITY (
    SEQUENCE NAME public."WhatsAppAyarlari_Id_seq"
    START WITH 1
    INCREMENT BY 1
    NO MINVALUE
    NO MAXVALUE
    CACHE 1
);


--
-- Name: WhatsAppGrupUyeler; Type: TABLE; Schema: public; Owner: postgres
--

CREATE TABLE public."WhatsAppGrupUyeler" (
    "Id" integer NOT NULL,
    "GrupId" integer NOT NULL,
    "KisiId" integer NOT NULL,
    "CreatedAt" timestamp without time zone NOT NULL,
    "UpdatedAt" timestamp without time zone,
    "IsDeleted" boolean NOT NULL
);


ALTER TABLE public."WhatsAppGrupUyeler" OWNER TO postgres;

--
-- Name: WhatsAppGrupUyeler_Id_seq; Type: SEQUENCE; Schema: public; Owner: postgres
--

ALTER TABLE public."WhatsAppGrupUyeler" ALTER COLUMN "Id" ADD GENERATED BY DEFAULT AS IDENTITY (
    SEQUENCE NAME public."WhatsAppGrupUyeler_Id_seq"
    START WITH 1
    INCREMENT BY 1
    NO MINVALUE
    NO MAXVALUE
    CACHE 1
);


--
-- Name: WhatsAppGruplar; Type: TABLE; Schema: public; Owner: postgres
--

CREATE TABLE public."WhatsAppGruplar" (
    "Id" integer NOT NULL,
    "GrupAdi" character varying(100) NOT NULL,
    "Aciklama" text,
    "CreatedAt" timestamp without time zone NOT NULL,
    "UpdatedAt" timestamp without time zone,
    "IsDeleted" boolean NOT NULL
);


ALTER TABLE public."WhatsAppGruplar" OWNER TO postgres;

--
-- Name: WhatsAppGruplar_Id_seq; Type: SEQUENCE; Schema: public; Owner: postgres
--

ALTER TABLE public."WhatsAppGruplar" ALTER COLUMN "Id" ADD GENERATED BY DEFAULT AS IDENTITY (
    SEQUENCE NAME public."WhatsAppGruplar_Id_seq"
    START WITH 1
    INCREMENT BY 1
    NO MINVALUE
    NO MAXVALUE
    CACHE 1
);


--
-- Name: WhatsAppKisiler; Type: TABLE; Schema: public; Owner: postgres
--

CREATE TABLE public."WhatsAppKisiler" (
    "Id" integer NOT NULL,
    "AdSoyad" character varying(100) NOT NULL,
    "Telefon" character varying(20) NOT NULL,
    "CariId" integer,
    "Notlar" text,
    "CreatedAt" timestamp without time zone NOT NULL,
    "UpdatedAt" timestamp without time zone,
    "IsDeleted" boolean NOT NULL
);


ALTER TABLE public."WhatsAppKisiler" OWNER TO postgres;

--
-- Name: WhatsAppKisiler_Id_seq; Type: SEQUENCE; Schema: public; Owner: postgres
--

ALTER TABLE public."WhatsAppKisiler" ALTER COLUMN "Id" ADD GENERATED BY DEFAULT AS IDENTITY (
    SEQUENCE NAME public."WhatsAppKisiler_Id_seq"
    START WITH 1
    INCREMENT BY 1
    NO MINVALUE
    NO MAXVALUE
    CACHE 1
);


--
-- Name: WhatsAppMesajlar; Type: TABLE; Schema: public; Owner: postgres
--

CREATE TABLE public."WhatsAppMesajlar" (
    "Id" integer NOT NULL,
    "GonderenId" integer,
    "KisiId" integer,
    "GrupId" integer,
    "Icerik" text NOT NULL,
    "Tipi" integer NOT NULL,
    "Durum" integer NOT NULL,
    "MesajTarihi" timestamp without time zone NOT NULL,
    "Okundu" boolean NOT NULL,
    "CreatedAt" timestamp without time zone NOT NULL,
    "UpdatedAt" timestamp without time zone,
    "IsDeleted" boolean NOT NULL
);


ALTER TABLE public."WhatsAppMesajlar" OWNER TO postgres;

--
-- Name: WhatsAppMesajlar_Id_seq; Type: SEQUENCE; Schema: public; Owner: postgres
--

ALTER TABLE public."WhatsAppMesajlar" ALTER COLUMN "Id" ADD GENERATED BY DEFAULT AS IDENTITY (
    SEQUENCE NAME public."WhatsAppMesajlar_Id_seq"
    START WITH 1
    INCREMENT BY 1
    NO MINVALUE
    NO MAXVALUE
    CACHE 1
);


--
-- Name: WhatsAppSablonlar; Type: TABLE; Schema: public; Owner: postgres
--

CREATE TABLE public."WhatsAppSablonlar" (
    "Id" integer NOT NULL,
    "Baslik" character varying(100) NOT NULL,
    "Icerik" text NOT NULL,
    "Parametreler" text,
    "CreatedAt" timestamp without time zone NOT NULL,
    "UpdatedAt" timestamp without time zone,
    "IsDeleted" boolean NOT NULL
);


ALTER TABLE public."WhatsAppSablonlar" OWNER TO postgres;

--
-- Name: WhatsAppSablonlar_Id_seq; Type: SEQUENCE; Schema: public; Owner: postgres
--

ALTER TABLE public."WhatsAppSablonlar" ALTER COLUMN "Id" ADD GENERATED BY DEFAULT AS IDENTITY (
    SEQUENCE NAME public."WhatsAppSablonlar_Id_seq"
    START WITH 1
    INCREMENT BY 1
    NO MINVALUE
    NO MAXVALUE
    CACHE 1
);


--
-- Name: __EFMigrationsHistory; Type: TABLE; Schema: public; Owner: postgres
--

CREATE TABLE public."__EFMigrationsHistory" (
    "MigrationId" character varying(150) NOT NULL,
    "ProductVersion" character varying(32) NOT NULL
);


ALTER TABLE public."__EFMigrationsHistory" OWNER TO postgres;

--
-- Name: Hatirlaticilar Id; Type: DEFAULT; Schema: public; Owner: postgres
--

ALTER TABLE ONLY public."Hatirlaticilar" ALTER COLUMN "Id" SET DEFAULT nextval('public."Hatirlaticilar_Id_seq"'::regclass);


--
-- Name: KullaniciBildirimleri Id; Type: DEFAULT; Schema: public; Owner: postgres
--

ALTER TABLE ONLY public."KullaniciBildirimleri" ALTER COLUMN "Id" SET DEFAULT nextval('public."KullaniciBildirimleri_Id_seq"'::regclass);


--
-- Name: KullaniciCarileri Id; Type: DEFAULT; Schema: public; Owner: postgres
--

ALTER TABLE ONLY public."KullaniciCarileri" ALTER COLUMN "Id" SET DEFAULT nextval('public."KullaniciCarileri_Id_seq"'::regclass);


--
-- Name: KullaniciMesajlari Id; Type: DEFAULT; Schema: public; Owner: postgres
--

ALTER TABLE ONLY public."KullaniciMesajlari" ALTER COLUMN "Id" SET DEFAULT nextval('public."KullaniciMesajlari_Id_seq"'::regclass);


--
-- Name: KullaniciOturumlari Id; Type: DEFAULT; Schema: public; Owner: postgres
--

ALTER TABLE ONLY public."KullaniciOturumlari" ALTER COLUMN "Id" SET DEFAULT nextval('public."KullaniciOturumlari_Id_seq"'::regclass);


--
-- Name: MailGonderimleri Id; Type: DEFAULT; Schema: public; Owner: postgres
--

ALTER TABLE ONLY public."MailGonderimleri" ALTER COLUMN "Id" SET DEFAULT nextval('public."MailGonderimleri_Id_seq"'::regclass);


--
-- Name: MesajKonusmalari Id; Type: DEFAULT; Schema: public; Owner: postgres
--

ALTER TABLE ONLY public."MesajKonusmalari" ALTER COLUMN "Id" SET DEFAULT nextval('public."MesajKonusmalari_Id_seq"'::regclass);


--
-- Name: ModulYetkileri Id; Type: DEFAULT; Schema: public; Owner: postgres
--

ALTER TABLE ONLY public."ModulYetkileri" ALTER COLUMN "Id" SET DEFAULT nextval('public."ModulYetkileri_Id_seq"'::regclass);


--
-- Name: PiyasaKaynaklar Id; Type: DEFAULT; Schema: public; Owner: postgres
--

ALTER TABLE ONLY public."PiyasaKaynaklar" ALTER COLUMN "Id" SET DEFAULT nextval('public."PiyasaKaynaklar_Id_seq"'::regclass);


--
-- Name: Randevular Id; Type: DEFAULT; Schema: public; Owner: postgres
--

ALTER TABLE ONLY public."Randevular" ALTER COLUMN "Id" SET DEFAULT nextval('public."Randevular_Id_seq"'::regclass);


--
-- Name: TekrarlayanOdemeler Id; Type: DEFAULT; Schema: public; Owner: postgres
--

ALTER TABLE ONLY public."TekrarlayanOdemeler" ALTER COLUMN "Id" SET DEFAULT nextval('public."TekrarlayanOdemeler_Id_seq"'::regclass);


--
-- Data for Name: AktiviteLoglar; Type: TABLE DATA; Schema: public; Owner: postgres
--

COPY public."AktiviteLoglar" ("Id", "IslemZamani", "IslemTipi", "Modul", "EntityTipi", "EntityId", "EntityAdi", "Aciklama", "EskiDeger", "YeniDeger", "KullaniciAdi", "IpAdresi", "Tarayici", "Seviye", "CreatedAt", "UpdatedAt", "IsDeleted") FROM stdin;
\.


--
-- Data for Name: AracEvrakDosyalari; Type: TABLE DATA; Schema: public; Owner: postgres
--

COPY public."AracEvrakDosyalari" ("Id", "AracEvrakId", "DosyaAdi", "DosyaYolu", "DosyaTipi", "DosyaBoyutu", "Aciklama", "CreatedAt", "UpdatedAt", "IsDeleted") FROM stdin;
\.


--
-- Data for Name: AracEvraklari; Type: TABLE DATA; Schema: public; Owner: postgres
--

COPY public."AracEvraklari" ("Id", "AracId", "EvrakKategorisi", "EvrakAdi", "Aciklama", "BaslangicTarihi", "BitisTarihi", "HatirlatmaTarihi", "Tutar", "SigortaSirketi", "PoliceNo", "Durum", "HatirlatmaAktif", "HatirlatmaGunOnce", "CreatedAt", "UpdatedAt", "IsDeleted") FROM stdin;
\.


--
-- Data for Name: AracIlanlari; Type: TABLE DATA; Schema: public; Owner: postgres
--

COPY public."AracIlanlari" ("Id", "Plaka", "Marka", "Model", "ModelYili", "Versiyon", "Kilometre", "YakitTuru", "VitesTuru", "KasaTipi", "Renk", "Durum", "Boyali", "BoyaliParcaSayisi", "BoyaliParcalar", "DegisenVar", "DegisenParcaSayisi", "DegisenParcalar", "HasarKaydi", "HasarAciklama", "TramerKaydi", "TramerTutari", "AlisFiyati", "SatisFiyati", "KaskoDegeri", "PiyasaDegeriMin", "PiyasaDegeriMax", "PiyasaDegeriOrtalama", "IlanDurum", "IlanTarihi", "SatisTarihi", "Aciklama", "Notlar", "Fotograflar", "SahipCariId", "SatisPersoneliId", "CreatedAt", "UpdatedAt", "IsDeleted") FROM stdin;
\.


--
-- Data for Name: AracMarkalari; Type: TABLE DATA; Schema: public; Owner: postgres
--

COPY public."AracMarkalari" ("Id", "MarkaAdi", "Logo", "SiraNo", "Aktif", "CreatedAt", "UpdatedAt", "IsDeleted") FROM stdin;
1	Volkswagen	\N	1	t	2026-03-23 23:48:25.75642	\N	f
2	BMW	\N	2	t	2026-03-23 23:48:25.756521	\N	f
3	Mercedes-Benz	\N	3	t	2026-03-23 23:48:25.756522	\N	f
4	Audi	\N	4	t	2026-03-23 23:48:25.756522	\N	f
5	Ford	\N	5	t	2026-03-23 23:48:25.756522	\N	f
6	Renault	\N	6	t	2026-03-23 23:48:25.756522	\N	f
7	Fiat	\N	7	t	2026-03-23 23:48:25.756523	\N	f
8	Toyota	\N	8	t	2026-03-23 23:48:25.756523	\N	f
9	Honda	\N	9	t	2026-03-23 23:48:25.756523	\N	f
10	Hyundai	\N	10	t	2026-03-23 23:48:25.756523	\N	f
11	Opel	\N	11	t	2026-03-23 23:48:25.756523	\N	f
12	Peugeot	\N	12	t	2026-03-23 23:48:25.756523	\N	f
13	Citroen	\N	13	t	2026-03-23 23:48:25.756523	\N	f
14	Skoda	\N	14	t	2026-03-23 23:48:25.756523	\N	f
15	Seat	\N	15	t	2026-03-23 23:48:25.756525	\N	f
16	Volvo	\N	16	t	2026-03-23 23:48:25.756525	\N	f
17	Nissan	\N	17	t	2026-03-23 23:48:25.756526	\N	f
18	Mazda	\N	18	t	2026-03-23 23:48:25.756526	\N	f
19	Kia	\N	19	t	2026-03-23 23:48:25.756526	\N	f
20	Dacia	\N	20	t	2026-03-23 23:48:25.756526	\N	f
\.


--
-- Data for Name: AracMasraflari; Type: TABLE DATA; Schema: public; Owner: postgres
--

COPY public."AracMasraflari" ("Id", "MasrafTarihi", "Tutar", "Aciklama", "BelgeNo", "ArizaKaynaklimi", "AracId", "MasrafKalemiId", "GuzergahId", "ServisCalismaId", "CreatedAt", "UpdatedAt", "IsDeleted") FROM stdin;
\.


--
-- Data for Name: AracModelleri; Type: TABLE DATA; Schema: public; Owner: postgres
--

COPY public."AracModelleri" ("Id", "MarkaId", "ModelAdi", "BaslangicYili", "BitisYili", "VarsayilanKasaTipi", "Aktif", "CreatedAt", "UpdatedAt", "IsDeleted") FROM stdin;
1	3	Sprinter	0	\N	0	t	2026-03-24 12:46:00.639769	\N	f
2	3	Tourismo	0	\N	0	t	2026-03-24 12:46:00.639797	\N	f
3	5	Transit	0	\N	0	t	2026-03-24 12:46:00.639797	\N	f
4	5	Transit Custom	0	\N	0	t	2026-03-24 12:46:00.639797	\N	f
5	1	Crafter	0	\N	0	t	2026-03-24 12:46:00.639798	\N	f
6	1	Caravelle	0	\N	0	t	2026-03-24 12:46:00.639799	\N	f
\.


--
-- Data for Name: AracPlakalar; Type: TABLE DATA; Schema: public; Owner: postgres
--

COPY public."AracPlakalar" ("Id", "AracId", "Plaka", "GirisTarihi", "CikisTarihi", "IslemTipi", "Aciklama", "IslemTutari", "CariId", "CreatedAt", "UpdatedAt", "IsDeleted") FROM stdin;
\.


--
-- Data for Name: AracSatislari; Type: TABLE DATA; Schema: public; Owner: postgres
--

COPY public."AracSatislari" ("Id", "AracIlanId", "AliciCariId", "SatisPersoneliId", "SatisTarihi", "SatisFiyati", "KomisyonTutari", "OdemeSekli", "Notlar", "CreatedAt", "UpdatedAt", "IsDeleted") FROM stdin;
\.


--
-- Data for Name: Araclar; Type: TABLE DATA; Schema: public; Owner: postgres
--

COPY public."Araclar" ("Id", "Plaka", "Marka", "Model", "ModelYili", "SaseNo", "MotorNo", "Renk", "KoltukSayisi", "AracTipi", "TrafikSigortaBitisTarihi", "KaskoBitisTarihi", "MuayeneBitisTarihi", "KmDurumu", "Aktif", "Notlar", "CreatedAt", "UpdatedAt", "IsDeleted", "AylikKiraBedeli", "GunlukKiraBedeli", "KiraHesaplamaTipi", "KiralikCariId", "KomisyonHesaplamaTipi", "KomisyonOrani", "KomisyonVar", "KomisyoncuCariId", "SabitKomisyonTutari", "SahiplikTipi", "SeferBasinaKiraBedeli", "AktifPlaka", "SatisaAcik", "SatisFiyati", "SatisaAcilmaTarihi", "SatisAciklamasi") FROM stdin;
\.


--
-- Data for Name: AylikChecklistler; Type: TABLE DATA; Schema: public; Owner: postgres
--

COPY public."AylikChecklistler" ("Id", "Yil", "Ay", "ChecklistTipi", "SoforId", "AracId", "GuzergahId", "KontrolTarihi", "KontrolEden", "GenelDurum", "Notlar", "CreatedAt", "UpdatedAt", "IsDeleted") FROM stdin;
\.


--
-- Data for Name: BankaHesaplari; Type: TABLE DATA; Schema: public; Owner: postgres
--

COPY public."BankaHesaplari" ("Id", "HesapKodu", "HesapAdi", "HesapTipi", "BankaAdi", "SubeAdi", "SubeKodu", "HesapNo", "Iban", "ParaBirimi", "AcilisBakiye", "Aktif", "Notlar", "CreatedAt", "UpdatedAt", "IsDeleted") FROM stdin;
1	K001	Ana Kasa	1	\N	\N	\N	\N	\N	TRY	0.00	t	Günlük işlemler için ana kasa	2026-03-23 23:48:25.328159	2026-03-24 07:21:45.439819	f
4	B003	HALKBANKASI USTUN GRUP	2	HALKBANKASI	ANKARA ŞUBESİ	123	1212121	TR	TRY	0.00	t	\N	2026-03-25 12:56:50.471453	\N	f
3	B002	İş Bankası TL Hesabı	2	Türkiye İş Bankası	Ataşehir Şubesi	456	1234567	TR	TRY	0.00	t	\N	2026-03-23 23:48:25.328551	2026-03-25 12:58:26.76097	f
5	KK001	Ü.GRUP VAKIF KK *8837	4	VAKIFBANK	ANKARA ŞUBESİ	111	8837	\N	TRY	0.00	t	\N	2026-03-25 12:58:49.831536	\N	f
6	KK002	R.Ü. VAKIF KK *7356	4	VAKIFBANK	ANKARA ŞUBESİ	111	\N	\N	TRY	0.00	t	\N	2026-03-25 13:03:26.354971	\N	f
7	KK003	Ü.GRUP İŞ KK *7390	4	İŞBANKASI	ANKARA ŞUBESİ	111	\N	\N	TRY	0.00	t	\N	2026-03-25 13:03:57.613214	\N	f
2	B001	VAKIFBANK ÜSTÜN GRUP	2	VAKIFBANK	ANKARA ŞUBESİ	111	1234567	TR	TRY	0.00	t	\N	2026-03-23 23:48:25.328408	2026-03-26 08:35:47.819923	f
\.


--
-- Data for Name: BankaKasaHareketleri; Type: TABLE DATA; Schema: public; Owner: postgres
--

COPY public."BankaKasaHareketleri" ("Id", "IslemNo", "IslemTarihi", "HareketTipi", "Tutar", "Aciklama", "BelgeNo", "IslemKaynak", "BankaHesapId", "CariId", "CreatedAt", "UpdatedAt", "IsDeleted") FROM stdin;
1	BORC-23-20260325173108	2026-03-23 00:00:00	2	43312.50	Butce Odemesi: Kredi Taksiti	\N	1	2	\N	2026-03-25 14:31:08.389334	2026-03-26 08:35:53.209514	t
\.


--
-- Data for Name: Bildirimler; Type: TABLE DATA; Schema: public; Owner: postgres
--

COPY public."Bildirimler" ("Id", "KullaniciId", "Baslik", "Icerik", "Tip", "Oncelik", "Okundu", "OkunmaTarihi", "IliskiliTablo", "IliskiliKayitId", "Link", "SonGosterimTarihi", "Tekrarli", "CreatedAt", "UpdatedAt", "IsDeleted") FROM stdin;
\.


--
-- Data for Name: BudgetMasrafKalemleri; Type: TABLE DATA; Schema: public; Owner: postgres
--

COPY public."BudgetMasrafKalemleri" ("Id", "KalemAdi", "Kategori", "Renk", "Icon", "Aktif", "SiraNo", "CreatedAt", "UpdatedAt", "IsDeleted") FROM stdin;
1	Kira	Sabit Gider	#dc3545	bi-house	t	1	2026-03-23 23:43:42.095243	\N	f
2	Elektrik	Fatura	#ffc107	bi-lightning	t	2	2026-03-23 23:43:42.09535	\N	f
3	Su	Fatura	#0dcaf0	bi-droplet	t	3	2026-03-23 23:43:42.095351	\N	f
4	Doğalgaz	Fatura	#fd7e14	bi-fire	t	4	2026-03-23 23:43:42.095351	\N	f
5	İnternet	Fatura	#6610f2	bi-wifi	t	5	2026-03-23 23:43:42.095351	\N	f
6	Telefon	Fatura	#20c997	bi-phone	t	6	2026-03-23 23:43:42.095352	\N	f
7	Personel Maaş	Personel	#0d6efd	bi-people	t	7	2026-03-23 23:43:42.095352	\N	f
8	SGK Primi	Personel	#198754	bi-shield-check	t	8	2026-03-23 23:43:42.095352	\N	f
9	Vergi	Resmi	#6c757d	bi-bank	t	9	2026-03-23 23:43:42.095352	\N	f
10	Sigorta	Sabit Gider	#d63384	bi-shield	t	10	2026-03-23 23:43:42.095353	\N	f
11	Yakıt	Araç	#212529	bi-fuel-pump	t	11	2026-03-23 23:43:42.095353	\N	f
12	Araç Bakım	Araç	#495057	bi-tools	t	12	2026-03-23 23:43:42.095353	\N	f
13	Kredi Taksiti	Kredi	#e74c3c	bi-credit-card	t	13	2026-03-23 23:43:42.095353	\N	f
14	Araç Kredisi	Kredi	#c0392b	bi-truck	t	14	2026-03-23 23:43:42.095353	\N	f
15	Ofis Giderleri	Genel	#9b59b6	bi-building	t	15	2026-03-23 23:43:42.095353	\N	f
16	Reklam/Pazarlama	Genel	#3498db	bi-megaphone	t	16	2026-03-23 23:43:42.095353	\N	f
17	Diğer	Genel	#95a5a6	bi-three-dots	t	99	2026-03-23 23:43:42.095353	\N	f
18	Araç Bakım/Onarım	\N	#007bff	bi-cash	t	0	2026-03-25 11:33:36.532098	\N	f
19	Şoför Maaşları	\N	#007bff	bi-cash	t	0	2026-03-25 11:33:36.602074	\N	f
20	Yakit	\N	#007bff	bi-cash	t	0	2026-03-26 16:11:16.590173	\N	f
21	Arac Bakim/Onarim	\N	#007bff	bi-cash	t	0	2026-03-26 16:11:16.649776	\N	f
22	Sofor Maaslari	\N	#007bff	bi-cash	t	0	2026-03-26 16:11:16.651458	\N	f
\.


--
-- Data for Name: BudgetOdemeler; Type: TABLE DATA; Schema: public; Owner: postgres
--

COPY public."BudgetOdemeler" ("Id", "OdemeTarihi", "OdemeAy", "OdemeYil", "MasrafKalemi", "Aciklama", "Miktar", "TaksitliMi", "ToplamTaksitSayisi", "KacinciTaksit", "TaksitGrupId", "TaksitBaslangicAy", "TaksitBitisAy", "Durum", "Notlar", "CreatedAt", "UpdatedAt", "IsDeleted", "BankaKasaHareketId", "FaturaId", "FaturaIleKapatildi", "GercekOdemeTarihi", "OdemeNotu", "OdemeYapildigiHesapId", "OdenenTutar", "FirmaId") FROM stdin;
140	2026-03-27 00:00:00	3	2026	Kredi Taksiti	VAKIFBANK 3.KREDİ	95552.94	t	20	1	753d6ee8-c906-4d33-9fe2-94dbd4a88db9	2026-03-27 00:00:00	2027-10-27 00:00:00	1	\N	2026-03-26 07:29:58.458526	\N	f	\N	\N	f	\N	\N	\N	\N	1
141	2026-04-27 00:00:00	4	2026	Kredi Taksiti	VAKIFBANK 3.KREDİ	95552.94	t	20	2	753d6ee8-c906-4d33-9fe2-94dbd4a88db9	2026-03-27 00:00:00	2027-10-27 00:00:00	1	\N	2026-03-26 07:29:58.458814	\N	f	\N	\N	f	\N	\N	\N	\N	1
142	2026-05-27 00:00:00	5	2026	Kredi Taksiti	VAKIFBANK 3.KREDİ	95552.94	t	20	3	753d6ee8-c906-4d33-9fe2-94dbd4a88db9	2026-03-27 00:00:00	2027-10-27 00:00:00	1	\N	2026-03-26 07:29:58.458815	\N	f	\N	\N	f	\N	\N	\N	\N	1
143	2026-06-27 00:00:00	6	2026	Kredi Taksiti	VAKIFBANK 3.KREDİ	95552.94	t	20	4	753d6ee8-c906-4d33-9fe2-94dbd4a88db9	2026-03-27 00:00:00	2027-10-27 00:00:00	1	\N	2026-03-26 07:29:58.458815	\N	f	\N	\N	f	\N	\N	\N	\N	1
144	2026-07-27 00:00:00	7	2026	Kredi Taksiti	VAKIFBANK 3.KREDİ	95552.94	t	20	5	753d6ee8-c906-4d33-9fe2-94dbd4a88db9	2026-03-27 00:00:00	2027-10-27 00:00:00	1	\N	2026-03-26 07:29:58.458815	\N	f	\N	\N	f	\N	\N	\N	\N	1
145	2026-08-27 00:00:00	8	2026	Kredi Taksiti	VAKIFBANK 3.KREDİ	95552.94	t	20	6	753d6ee8-c906-4d33-9fe2-94dbd4a88db9	2026-03-27 00:00:00	2027-10-27 00:00:00	1	\N	2026-03-26 07:29:58.458816	\N	f	\N	\N	f	\N	\N	\N	\N	1
146	2026-09-27 00:00:00	9	2026	Kredi Taksiti	VAKIFBANK 3.KREDİ	95552.94	t	20	7	753d6ee8-c906-4d33-9fe2-94dbd4a88db9	2026-03-27 00:00:00	2027-10-27 00:00:00	1	\N	2026-03-26 07:29:58.458826	\N	f	\N	\N	f	\N	\N	\N	\N	1
147	2026-10-27 00:00:00	10	2026	Kredi Taksiti	VAKIFBANK 3.KREDİ	95552.94	t	20	8	753d6ee8-c906-4d33-9fe2-94dbd4a88db9	2026-03-27 00:00:00	2027-10-27 00:00:00	1	\N	2026-03-26 07:29:58.458829	\N	f	\N	\N	f	\N	\N	\N	\N	1
148	2026-11-27 00:00:00	11	2026	Kredi Taksiti	VAKIFBANK 3.KREDİ	95552.94	t	20	9	753d6ee8-c906-4d33-9fe2-94dbd4a88db9	2026-03-27 00:00:00	2027-10-27 00:00:00	1	\N	2026-03-26 07:29:58.458829	\N	f	\N	\N	f	\N	\N	\N	\N	1
149	2026-12-27 00:00:00	12	2026	Kredi Taksiti	VAKIFBANK 3.KREDİ	95552.94	t	20	10	753d6ee8-c906-4d33-9fe2-94dbd4a88db9	2026-03-27 00:00:00	2027-10-27 00:00:00	1	\N	2026-03-26 07:29:58.458829	\N	f	\N	\N	f	\N	\N	\N	\N	1
150	2027-01-27 00:00:00	1	2027	Kredi Taksiti	VAKIFBANK 3.KREDİ	95552.94	t	20	11	753d6ee8-c906-4d33-9fe2-94dbd4a88db9	2026-03-27 00:00:00	2027-10-27 00:00:00	1	\N	2026-03-26 07:29:58.458829	\N	f	\N	\N	f	\N	\N	\N	\N	1
151	2027-02-27 00:00:00	2	2027	Kredi Taksiti	VAKIFBANK 3.KREDİ	95552.94	t	20	12	753d6ee8-c906-4d33-9fe2-94dbd4a88db9	2026-03-27 00:00:00	2027-10-27 00:00:00	1	\N	2026-03-26 07:29:58.45883	\N	f	\N	\N	f	\N	\N	\N	\N	1
152	2027-03-27 00:00:00	3	2027	Kredi Taksiti	VAKIFBANK 3.KREDİ	95552.94	t	20	13	753d6ee8-c906-4d33-9fe2-94dbd4a88db9	2026-03-27 00:00:00	2027-10-27 00:00:00	1	\N	2026-03-26 07:29:58.45883	\N	f	\N	\N	f	\N	\N	\N	\N	1
153	2027-04-27 00:00:00	4	2027	Kredi Taksiti	VAKIFBANK 3.KREDİ	95552.94	t	20	14	753d6ee8-c906-4d33-9fe2-94dbd4a88db9	2026-03-27 00:00:00	2027-10-27 00:00:00	1	\N	2026-03-26 07:29:58.45883	\N	f	\N	\N	f	\N	\N	\N	\N	1
154	2027-05-27 00:00:00	5	2027	Kredi Taksiti	VAKIFBANK 3.KREDİ	95552.94	t	20	15	753d6ee8-c906-4d33-9fe2-94dbd4a88db9	2026-03-27 00:00:00	2027-10-27 00:00:00	1	\N	2026-03-26 07:29:58.458832	\N	f	\N	\N	f	\N	\N	\N	\N	1
155	2027-06-27 00:00:00	6	2027	Kredi Taksiti	VAKIFBANK 3.KREDİ	95552.94	t	20	16	753d6ee8-c906-4d33-9fe2-94dbd4a88db9	2026-03-27 00:00:00	2027-10-27 00:00:00	1	\N	2026-03-26 07:29:58.458833	\N	f	\N	\N	f	\N	\N	\N	\N	1
156	2027-07-27 00:00:00	7	2027	Kredi Taksiti	VAKIFBANK 3.KREDİ	95552.94	t	20	17	753d6ee8-c906-4d33-9fe2-94dbd4a88db9	2026-03-27 00:00:00	2027-10-27 00:00:00	1	\N	2026-03-26 07:29:58.458834	\N	f	\N	\N	f	\N	\N	\N	\N	1
157	2027-08-27 00:00:00	8	2027	Kredi Taksiti	VAKIFBANK 3.KREDİ	95552.94	t	20	18	753d6ee8-c906-4d33-9fe2-94dbd4a88db9	2026-03-27 00:00:00	2027-10-27 00:00:00	1	\N	2026-03-26 07:29:58.458834	\N	f	\N	\N	f	\N	\N	\N	\N	1
158	2027-09-27 00:00:00	9	2027	Kredi Taksiti	VAKIFBANK 3.KREDİ	95552.94	t	20	19	753d6ee8-c906-4d33-9fe2-94dbd4a88db9	2026-03-27 00:00:00	2027-10-27 00:00:00	1	\N	2026-03-26 07:29:58.458834	\N	f	\N	\N	f	\N	\N	\N	\N	1
159	2027-10-27 00:00:00	10	2027	Kredi Taksiti	VAKIFBANK 3.KREDİ	95552.98	t	20	20	753d6ee8-c906-4d33-9fe2-94dbd4a88db9	2026-03-27 00:00:00	2027-10-27 00:00:00	1	\N	2026-03-26 07:29:58.458835	\N	f	\N	\N	f	\N	\N	\N	\N	1
160	2026-05-24 00:00:00	5	2026	Kredi Taksiti	VAKIFBANK 4.KREDİ	103680.70	t	19	1	14ceceef-2c53-49f1-9223-88f9de65f47a	2026-05-24 00:00:00	2027-11-24 00:00:00	1	\N	2026-03-26 07:35:29.848407	\N	f	\N	\N	f	\N	\N	\N	\N	1
161	2026-06-24 00:00:00	6	2026	Kredi Taksiti	VAKIFBANK 4.KREDİ	103680.70	t	19	2	14ceceef-2c53-49f1-9223-88f9de65f47a	2026-05-24 00:00:00	2027-11-24 00:00:00	1	\N	2026-03-26 07:35:29.848409	\N	f	\N	\N	f	\N	\N	\N	\N	1
162	2026-07-24 00:00:00	7	2026	Kredi Taksiti	VAKIFBANK 4.KREDİ	103680.70	t	19	3	14ceceef-2c53-49f1-9223-88f9de65f47a	2026-05-24 00:00:00	2027-11-24 00:00:00	1	\N	2026-03-26 07:35:29.848409	\N	f	\N	\N	f	\N	\N	\N	\N	1
163	2026-08-24 00:00:00	8	2026	Kredi Taksiti	VAKIFBANK 4.KREDİ	103680.70	t	19	4	14ceceef-2c53-49f1-9223-88f9de65f47a	2026-05-24 00:00:00	2027-11-24 00:00:00	1	\N	2026-03-26 07:35:29.84841	\N	f	\N	\N	f	\N	\N	\N	\N	1
164	2026-09-24 00:00:00	9	2026	Kredi Taksiti	VAKIFBANK 4.KREDİ	103680.70	t	19	5	14ceceef-2c53-49f1-9223-88f9de65f47a	2026-05-24 00:00:00	2027-11-24 00:00:00	1	\N	2026-03-26 07:35:29.84841	\N	f	\N	\N	f	\N	\N	\N	\N	1
165	2026-10-24 00:00:00	10	2026	Kredi Taksiti	VAKIFBANK 4.KREDİ	103680.70	t	19	6	14ceceef-2c53-49f1-9223-88f9de65f47a	2026-05-24 00:00:00	2027-11-24 00:00:00	1	\N	2026-03-26 07:35:29.848422	\N	f	\N	\N	f	\N	\N	\N	\N	1
166	2026-11-24 00:00:00	11	2026	Kredi Taksiti	VAKIFBANK 4.KREDİ	103680.70	t	19	7	14ceceef-2c53-49f1-9223-88f9de65f47a	2026-05-24 00:00:00	2027-11-24 00:00:00	1	\N	2026-03-26 07:35:29.848423	\N	f	\N	\N	f	\N	\N	\N	\N	1
24	2026-04-23 00:00:00	4	2026	Kredi Taksiti	VAKIFBANK 1. kredi	43312.50	t	2	2	cbd58f9b-fb78-43fb-878e-4d4a0dae1656	2026-03-23 00:00:00	2026-04-23 00:00:00	1	\N	2026-03-25 14:30:09.550302	\N	f	\N	\N	f	\N	\N	\N	\N	1
23	2026-03-23 00:00:00	3	2026	Kredi Taksiti	VAKIFBANK 1. kredi	43312.50	t	2	1	cbd58f9b-fb78-43fb-878e-4d4a0dae1656	2026-03-23 00:00:00	2026-04-23 00:00:00	1	\N	2026-03-25 14:30:09.550141	2026-03-25 14:32:30.894894	f	1	\N	f	2026-03-23 00:00:00	\N	2	43312.5	1
167	2026-12-24 00:00:00	12	2026	Kredi Taksiti	VAKIFBANK 4.KREDİ	103680.70	t	19	8	14ceceef-2c53-49f1-9223-88f9de65f47a	2026-05-24 00:00:00	2027-11-24 00:00:00	1	\N	2026-03-26 07:35:29.848423	\N	f	\N	\N	f	\N	\N	\N	\N	1
168	2027-01-24 00:00:00	1	2027	Kredi Taksiti	VAKIFBANK 4.KREDİ	103680.70	t	19	9	14ceceef-2c53-49f1-9223-88f9de65f47a	2026-05-24 00:00:00	2027-11-24 00:00:00	1	\N	2026-03-26 07:35:29.848423	\N	f	\N	\N	f	\N	\N	\N	\N	1
169	2027-02-24 00:00:00	2	2027	Kredi Taksiti	VAKIFBANK 4.KREDİ	103680.70	t	19	10	14ceceef-2c53-49f1-9223-88f9de65f47a	2026-05-24 00:00:00	2027-11-24 00:00:00	1	\N	2026-03-26 07:35:29.848424	\N	f	\N	\N	f	\N	\N	\N	\N	1
170	2027-03-24 00:00:00	3	2027	Kredi Taksiti	VAKIFBANK 4.KREDİ	103680.70	t	19	11	14ceceef-2c53-49f1-9223-88f9de65f47a	2026-05-24 00:00:00	2027-11-24 00:00:00	1	\N	2026-03-26 07:35:29.848424	\N	f	\N	\N	f	\N	\N	\N	\N	1
171	2027-04-24 00:00:00	4	2027	Kredi Taksiti	VAKIFBANK 4.KREDİ	103680.70	t	19	12	14ceceef-2c53-49f1-9223-88f9de65f47a	2026-05-24 00:00:00	2027-11-24 00:00:00	1	\N	2026-03-26 07:35:29.848424	\N	f	\N	\N	f	\N	\N	\N	\N	1
172	2027-05-24 00:00:00	5	2027	Kredi Taksiti	VAKIFBANK 4.KREDİ	103680.70	t	19	13	14ceceef-2c53-49f1-9223-88f9de65f47a	2026-05-24 00:00:00	2027-11-24 00:00:00	1	\N	2026-03-26 07:35:29.848424	\N	f	\N	\N	f	\N	\N	\N	\N	1
173	2027-06-24 00:00:00	6	2027	Kredi Taksiti	VAKIFBANK 4.KREDİ	103680.70	t	19	14	14ceceef-2c53-49f1-9223-88f9de65f47a	2026-05-24 00:00:00	2027-11-24 00:00:00	1	\N	2026-03-26 07:35:29.848425	\N	f	\N	\N	f	\N	\N	\N	\N	1
174	2027-07-24 00:00:00	7	2027	Kredi Taksiti	VAKIFBANK 4.KREDİ	103680.70	t	19	15	14ceceef-2c53-49f1-9223-88f9de65f47a	2026-05-24 00:00:00	2027-11-24 00:00:00	1	\N	2026-03-26 07:35:29.848425	\N	f	\N	\N	f	\N	\N	\N	\N	1
175	2027-08-24 00:00:00	8	2027	Kredi Taksiti	VAKIFBANK 4.KREDİ	103680.70	t	19	16	14ceceef-2c53-49f1-9223-88f9de65f47a	2026-05-24 00:00:00	2027-11-24 00:00:00	1	\N	2026-03-26 07:35:29.848427	\N	f	\N	\N	f	\N	\N	\N	\N	1
176	2027-09-24 00:00:00	9	2027	Kredi Taksiti	VAKIFBANK 4.KREDİ	103680.70	t	19	17	14ceceef-2c53-49f1-9223-88f9de65f47a	2026-05-24 00:00:00	2027-11-24 00:00:00	1	\N	2026-03-26 07:35:29.848427	\N	f	\N	\N	f	\N	\N	\N	\N	1
177	2027-10-24 00:00:00	10	2027	Kredi Taksiti	VAKIFBANK 4.KREDİ	103680.70	t	19	18	14ceceef-2c53-49f1-9223-88f9de65f47a	2026-05-24 00:00:00	2027-11-24 00:00:00	1	\N	2026-03-26 07:35:29.848428	\N	f	\N	\N	f	\N	\N	\N	\N	1
178	2027-11-24 00:00:00	11	2027	Kredi Taksiti	VAKIFBANK 4.KREDİ	103680.76	t	19	19	14ceceef-2c53-49f1-9223-88f9de65f47a	2026-05-24 00:00:00	2027-11-24 00:00:00	1	\N	2026-03-26 07:35:29.848428	\N	f	\N	\N	f	\N	\N	\N	\N	1
179	2026-03-17 00:00:00	3	2026	Kredi Taksiti	MBF 5.KREDİ	133254.45	t	20	1	95ba749d-0545-4259-8998-ed31798b7377	2026-03-17 00:00:00	2027-10-17 00:00:00	1	\N	2026-03-26 08:19:14.994314	\N	f	\N	\N	f	\N	\N	\N	\N	1
180	2026-04-17 00:00:00	4	2026	Kredi Taksiti	MBF 5.KREDİ	133254.45	t	20	2	95ba749d-0545-4259-8998-ed31798b7377	2026-03-17 00:00:00	2027-10-17 00:00:00	1	\N	2026-03-26 08:19:14.994716	\N	f	\N	\N	f	\N	\N	\N	\N	1
181	2026-05-17 00:00:00	5	2026	Kredi Taksiti	MBF 5.KREDİ	133254.45	t	20	3	95ba749d-0545-4259-8998-ed31798b7377	2026-03-17 00:00:00	2027-10-17 00:00:00	1	\N	2026-03-26 08:19:14.994717	\N	f	\N	\N	f	\N	\N	\N	\N	1
182	2026-06-17 00:00:00	6	2026	Kredi Taksiti	MBF 5.KREDİ	133254.45	t	20	4	95ba749d-0545-4259-8998-ed31798b7377	2026-03-17 00:00:00	2027-10-17 00:00:00	1	\N	2026-03-26 08:19:14.994718	\N	f	\N	\N	f	\N	\N	\N	\N	1
183	2026-07-17 00:00:00	7	2026	Kredi Taksiti	MBF 5.KREDİ	133254.45	t	20	5	95ba749d-0545-4259-8998-ed31798b7377	2026-03-17 00:00:00	2027-10-17 00:00:00	1	\N	2026-03-26 08:19:14.994718	\N	f	\N	\N	f	\N	\N	\N	\N	1
184	2026-08-17 00:00:00	8	2026	Kredi Taksiti	MBF 5.KREDİ	133254.45	t	20	6	95ba749d-0545-4259-8998-ed31798b7377	2026-03-17 00:00:00	2027-10-17 00:00:00	1	\N	2026-03-26 08:19:14.994719	\N	f	\N	\N	f	\N	\N	\N	\N	1
185	2026-09-17 00:00:00	9	2026	Kredi Taksiti	MBF 5.KREDİ	133254.45	t	20	7	95ba749d-0545-4259-8998-ed31798b7377	2026-03-17 00:00:00	2027-10-17 00:00:00	1	\N	2026-03-26 08:19:14.99472	\N	f	\N	\N	f	\N	\N	\N	\N	1
186	2026-10-17 00:00:00	10	2026	Kredi Taksiti	MBF 5.KREDİ	133254.45	t	20	8	95ba749d-0545-4259-8998-ed31798b7377	2026-03-17 00:00:00	2027-10-17 00:00:00	1	\N	2026-03-26 08:19:14.99472	\N	f	\N	\N	f	\N	\N	\N	\N	1
187	2026-11-17 00:00:00	11	2026	Kredi Taksiti	MBF 5.KREDİ	133254.45	t	20	9	95ba749d-0545-4259-8998-ed31798b7377	2026-03-17 00:00:00	2027-10-17 00:00:00	1	\N	2026-03-26 08:19:14.994723	\N	f	\N	\N	f	\N	\N	\N	\N	1
188	2026-12-17 00:00:00	12	2026	Kredi Taksiti	MBF 5.KREDİ	133254.45	t	20	10	95ba749d-0545-4259-8998-ed31798b7377	2026-03-17 00:00:00	2027-10-17 00:00:00	1	\N	2026-03-26 08:19:14.994723	\N	f	\N	\N	f	\N	\N	\N	\N	1
189	2027-01-17 00:00:00	1	2027	Kredi Taksiti	MBF 5.KREDİ	133254.45	t	20	11	95ba749d-0545-4259-8998-ed31798b7377	2026-03-17 00:00:00	2027-10-17 00:00:00	1	\N	2026-03-26 08:19:14.994724	\N	f	\N	\N	f	\N	\N	\N	\N	1
190	2027-02-17 00:00:00	2	2027	Kredi Taksiti	MBF 5.KREDİ	133254.45	t	20	12	95ba749d-0545-4259-8998-ed31798b7377	2026-03-17 00:00:00	2027-10-17 00:00:00	1	\N	2026-03-26 08:19:14.994724	\N	f	\N	\N	f	\N	\N	\N	\N	1
191	2027-03-17 00:00:00	3	2027	Kredi Taksiti	MBF 5.KREDİ	133254.45	t	20	13	95ba749d-0545-4259-8998-ed31798b7377	2026-03-17 00:00:00	2027-10-17 00:00:00	1	\N	2026-03-26 08:19:14.994724	\N	f	\N	\N	f	\N	\N	\N	\N	1
192	2027-04-17 00:00:00	4	2027	Kredi Taksiti	MBF 5.KREDİ	133254.45	t	20	14	95ba749d-0545-4259-8998-ed31798b7377	2026-03-17 00:00:00	2027-10-17 00:00:00	1	\N	2026-03-26 08:19:14.994725	\N	f	\N	\N	f	\N	\N	\N	\N	1
193	2027-05-17 00:00:00	5	2027	Kredi Taksiti	MBF 5.KREDİ	133254.45	t	20	15	95ba749d-0545-4259-8998-ed31798b7377	2026-03-17 00:00:00	2027-10-17 00:00:00	1	\N	2026-03-26 08:19:14.994725	\N	f	\N	\N	f	\N	\N	\N	\N	1
194	2027-06-17 00:00:00	6	2027	Kredi Taksiti	MBF 5.KREDİ	133254.45	t	20	16	95ba749d-0545-4259-8998-ed31798b7377	2026-03-17 00:00:00	2027-10-17 00:00:00	1	\N	2026-03-26 08:19:14.994725	\N	f	\N	\N	f	\N	\N	\N	\N	1
195	2027-07-17 00:00:00	7	2027	Kredi Taksiti	MBF 5.KREDİ	133254.45	t	20	17	95ba749d-0545-4259-8998-ed31798b7377	2026-03-17 00:00:00	2027-10-17 00:00:00	1	\N	2026-03-26 08:19:14.994726	\N	f	\N	\N	f	\N	\N	\N	\N	1
196	2027-08-17 00:00:00	8	2027	Kredi Taksiti	MBF 5.KREDİ	133254.45	t	20	18	95ba749d-0545-4259-8998-ed31798b7377	2026-03-17 00:00:00	2027-10-17 00:00:00	1	\N	2026-03-26 08:19:14.994726	\N	f	\N	\N	f	\N	\N	\N	\N	1
197	2027-09-17 00:00:00	9	2027	Kredi Taksiti	MBF 5.KREDİ	133254.45	t	20	19	95ba749d-0545-4259-8998-ed31798b7377	2026-03-17 00:00:00	2027-10-17 00:00:00	1	\N	2026-03-26 08:19:14.994727	\N	f	\N	\N	f	\N	\N	\N	\N	1
198	2027-10-17 00:00:00	10	2027	Kredi Taksiti	MBF 5.KREDİ	133254.55	t	20	20	95ba749d-0545-4259-8998-ed31798b7377	2026-03-17 00:00:00	2027-10-17 00:00:00	1	\N	2026-03-26 08:19:14.994727	\N	f	\N	\N	f	\N	\N	\N	\N	1
199	2026-03-30 00:00:00	3	2026	Kredi Taksiti	VAKIFBANK 6. KREDİ	245384.76	t	2	1	3491b1ae-99d7-4ba0-9892-b2ab264120d2	2026-03-30 00:00:00	2026-04-30 00:00:00	1	\N	2026-03-26 08:21:09.376555	\N	f	\N	\N	f	\N	\N	\N	\N	1
200	2026-04-30 00:00:00	4	2026	Kredi Taksiti	VAKIFBANK 6. KREDİ	245384.80	t	2	2	3491b1ae-99d7-4ba0-9892-b2ab264120d2	2026-03-30 00:00:00	2026-04-30 00:00:00	1	\N	2026-03-26 08:21:09.376558	\N	f	\N	\N	f	\N	\N	\N	\N	1
201	2026-03-25 00:00:00	3	2026	Kredi Taksiti	VAKIFBANK 7. KREDİ	374991.07	t	5	1	c233be00-9899-426e-a5af-c7815316330d	2026-03-25 00:00:00	2026-07-25 00:00:00	1	\N	2026-03-26 08:22:12.3998	\N	f	\N	\N	f	\N	\N	\N	\N	1
202	2026-04-25 00:00:00	4	2026	Kredi Taksiti	VAKIFBANK 7. KREDİ	374991.16	t	5	2	c233be00-9899-426e-a5af-c7815316330d	2026-03-25 00:00:00	2026-07-25 00:00:00	1	\N	2026-03-26 08:22:12.399803	\N	f	\N	\N	f	\N	\N	\N	\N	1
203	2026-05-25 00:00:00	5	2026	Kredi Taksiti	VAKIFBANK 7. KREDİ	374991.16	t	5	3	c233be00-9899-426e-a5af-c7815316330d	2026-03-25 00:00:00	2026-07-25 00:00:00	1	\N	2026-03-26 08:22:12.399805	\N	f	\N	\N	f	\N	\N	\N	\N	1
204	2026-06-25 00:00:00	6	2026	Kredi Taksiti	VAKIFBANK 7. KREDİ	374991.16	t	5	4	c233be00-9899-426e-a5af-c7815316330d	2026-03-25 00:00:00	2026-07-25 00:00:00	1	\N	2026-03-26 08:22:12.399806	\N	f	\N	\N	f	\N	\N	\N	\N	1
205	2026-07-25 00:00:00	7	2026	Kredi Taksiti	VAKIFBANK 7. KREDİ	374991.16	t	5	5	c233be00-9899-426e-a5af-c7815316330d	2026-03-25 00:00:00	2026-07-25 00:00:00	1	\N	2026-03-26 08:22:12.399806	\N	f	\N	\N	f	\N	\N	\N	\N	1
206	2026-04-01 00:00:00	4	2026	Kredi Taksiti	İŞBANKASI 8.KREDİ	560217.23	t	5	1	d68bd5eb-5576-4059-9e26-4d0a0434c427	2026-04-01 00:00:00	2026-08-01 00:00:00	1	\N	2026-03-26 08:23:45.236573	\N	f	\N	\N	f	\N	\N	\N	\N	1
207	2026-05-04 00:00:00	5	2026	Kredi Taksiti	İŞBANKASI 8.KREDİ	560217.23	t	5	2	d68bd5eb-5576-4059-9e26-4d0a0434c427	2026-04-01 00:00:00	2026-08-01 00:00:00	1	\N	2026-03-26 08:23:45.236577	\N	f	\N	\N	f	\N	\N	\N	\N	1
208	2026-06-01 00:00:00	6	2026	Kredi Taksiti	İŞBANKASI 8.KREDİ	560217.23	t	5	3	d68bd5eb-5576-4059-9e26-4d0a0434c427	2026-04-01 00:00:00	2026-08-01 00:00:00	1	\N	2026-03-26 08:23:45.236578	\N	f	\N	\N	f	\N	\N	\N	\N	1
209	2026-07-01 00:00:00	7	2026	Kredi Taksiti	İŞBANKASI 8.KREDİ	560217.23	t	5	4	d68bd5eb-5576-4059-9e26-4d0a0434c427	2026-04-01 00:00:00	2026-08-01 00:00:00	1	\N	2026-03-26 08:23:45.236579	\N	f	\N	\N	f	\N	\N	\N	\N	1
210	2026-08-03 00:00:00	8	2026	Kredi Taksiti	İŞBANKASI 8.KREDİ	560217.25	t	5	5	d68bd5eb-5576-4059-9e26-4d0a0434c427	2026-04-01 00:00:00	2026-08-01 00:00:00	1	\N	2026-03-26 08:23:45.236579	\N	f	\N	\N	f	\N	\N	\N	\N	1
211	2026-04-07 00:00:00	4	2026	Kredi Taksiti	VAKIFBANK KREDİ 6501519734	357020.33	t	12	1	43d55099-58f9-45c6-8143-780b34a0188f	2026-04-07 00:00:00	2027-03-07 00:00:00	1	\N	2026-03-26 08:26:56.250641	\N	f	\N	\N	f	\N	\N	\N	\N	1
212	2026-05-07 00:00:00	5	2026	Kredi Taksiti	VAKIFBANK KREDİ 6501519734	340905.75	t	12	2	43d55099-58f9-45c6-8143-780b34a0188f	2026-04-07 00:00:00	2027-03-07 00:00:00	1	\N	2026-03-26 08:26:56.250644	\N	f	\N	\N	f	\N	\N	\N	\N	1
213	2026-06-07 00:00:00	6	2026	Kredi Taksiti	VAKIFBANK KREDİ 6501519734	340905.75	t	12	3	43d55099-58f9-45c6-8143-780b34a0188f	2026-04-07 00:00:00	2027-03-07 00:00:00	1	\N	2026-03-26 08:26:56.250644	\N	f	\N	\N	f	\N	\N	\N	\N	1
214	2026-07-07 00:00:00	7	2026	Kredi Taksiti	VAKIFBANK KREDİ 6501519734	340905.75	t	12	4	43d55099-58f9-45c6-8143-780b34a0188f	2026-04-07 00:00:00	2027-03-07 00:00:00	1	\N	2026-03-26 08:26:56.250645	\N	f	\N	\N	f	\N	\N	\N	\N	1
215	2026-08-07 00:00:00	8	2026	Kredi Taksiti	VAKIFBANK KREDİ 6501519734	340905.75	t	12	5	43d55099-58f9-45c6-8143-780b34a0188f	2026-04-07 00:00:00	2027-03-07 00:00:00	1	\N	2026-03-26 08:26:56.250645	\N	f	\N	\N	f	\N	\N	\N	\N	1
216	2026-09-07 00:00:00	9	2026	Kredi Taksiti	VAKIFBANK KREDİ 6501519734	340905.75	t	12	6	43d55099-58f9-45c6-8143-780b34a0188f	2026-04-07 00:00:00	2027-03-07 00:00:00	1	\N	2026-03-26 08:26:56.250646	\N	f	\N	\N	f	\N	\N	\N	\N	1
217	2026-10-07 00:00:00	10	2026	Kredi Taksiti	VAKIFBANK KREDİ 6501519734	340905.75	t	12	7	43d55099-58f9-45c6-8143-780b34a0188f	2026-04-07 00:00:00	2027-03-07 00:00:00	1	\N	2026-03-26 08:26:56.250646	\N	f	\N	\N	f	\N	\N	\N	\N	1
218	2026-11-07 00:00:00	11	2026	Kredi Taksiti	VAKIFBANK KREDİ 6501519734	340905.75	t	12	8	43d55099-58f9-45c6-8143-780b34a0188f	2026-04-07 00:00:00	2027-03-07 00:00:00	1	\N	2026-03-26 08:26:56.250647	\N	f	\N	\N	f	\N	\N	\N	\N	1
219	2026-12-07 00:00:00	12	2026	Kredi Taksiti	VAKIFBANK KREDİ 6501519734	340905.75	t	12	9	43d55099-58f9-45c6-8143-780b34a0188f	2026-04-07 00:00:00	2027-03-07 00:00:00	1	\N	2026-03-26 08:26:56.250647	\N	f	\N	\N	f	\N	\N	\N	\N	1
220	2027-01-07 00:00:00	1	2027	Kredi Taksiti	VAKIFBANK KREDİ 6501519734	340905.75	t	12	10	43d55099-58f9-45c6-8143-780b34a0188f	2026-04-07 00:00:00	2027-03-07 00:00:00	1	\N	2026-03-26 08:26:56.250648	\N	f	\N	\N	f	\N	\N	\N	\N	1
221	2027-02-07 00:00:00	2	2027	Kredi Taksiti	VAKIFBANK KREDİ 6501519734	340905.75	t	12	11	43d55099-58f9-45c6-8143-780b34a0188f	2026-04-07 00:00:00	2027-03-07 00:00:00	1	\N	2026-03-26 08:26:56.250659	\N	f	\N	\N	f	\N	\N	\N	\N	1
222	2027-03-07 00:00:00	3	2027	Kredi Taksiti	VAKIFBANK KREDİ 6501519734	340905.64	t	12	12	43d55099-58f9-45c6-8143-780b34a0188f	2026-04-07 00:00:00	2027-03-07 00:00:00	1	\N	2026-03-26 08:26:56.25066	\N	f	\N	\N	f	\N	\N	\N	\N	1
223	2026-03-26 00:00:00	3	2026	Vergi	[Tekrarlayan] Üstün Grup Muhtasar Ödemesi	10539.70	f	1	1	\N	\N	\N	1	\N	2026-03-26 09:18:42.199916	2026-03-26 09:20:56.244863	f	\N	\N	f	\N	\N	\N	\N	1
224	2026-04-26 00:00:00	4	2026	Vergi	[Tekrarlayan] Üstün Grup Muhtasar Ödemesi	1.00	f	1	1	\N	\N	\N	1	\N	2026-03-26 09:21:02.943718	\N	f	\N	\N	f	\N	\N	\N	\N	1
225	2026-03-27 00:00:00	3	2026	Kredi Taksiti	VAKIFBANK 2.KREDİ	90602.30	t	20	1	eebc916a-1d2d-43f5-9d8d-68141c0dd728	2026-03-27 00:00:00	2027-10-27 00:00:00	1	\N	2026-03-27 07:43:36.537879	\N	f	\N	\N	f	\N	\N	\N	\N	1
226	2026-04-28 00:00:00	4	2026	Kredi Taksiti	VAKIFBANK 2.KREDİ	90602.30	t	20	2	eebc916a-1d2d-43f5-9d8d-68141c0dd728	2026-03-27 00:00:00	2027-10-27 00:00:00	1	\N	2026-03-27 07:43:36.53806	\N	f	\N	\N	f	\N	\N	\N	\N	1
227	2026-06-01 00:00:00	6	2026	Kredi Taksiti	VAKIFBANK 2.KREDİ	90602.30	t	20	3	eebc916a-1d2d-43f5-9d8d-68141c0dd728	2026-03-27 00:00:00	2027-10-27 00:00:00	1	\N	2026-03-27 07:43:36.538061	\N	f	\N	\N	f	\N	\N	\N	\N	1
228	2026-06-29 00:00:00	6	2026	Kredi Taksiti	VAKIFBANK 2.KREDİ	90602.30	t	20	4	eebc916a-1d2d-43f5-9d8d-68141c0dd728	2026-03-27 00:00:00	2027-10-27 00:00:00	1	\N	2026-03-27 07:43:36.538062	\N	f	\N	\N	f	\N	\N	\N	\N	1
229	2026-07-27 00:00:00	7	2026	Kredi Taksiti	VAKIFBANK 2.KREDİ	90602.30	t	20	5	eebc916a-1d2d-43f5-9d8d-68141c0dd728	2026-03-27 00:00:00	2027-10-27 00:00:00	1	\N	2026-03-27 07:43:36.538062	\N	f	\N	\N	f	\N	\N	\N	\N	1
230	2026-08-27 00:00:00	8	2026	Kredi Taksiti	VAKIFBANK 2.KREDİ	90602.30	t	20	6	eebc916a-1d2d-43f5-9d8d-68141c0dd728	2026-03-27 00:00:00	2027-10-27 00:00:00	1	\N	2026-03-27 07:43:36.538064	\N	f	\N	\N	f	\N	\N	\N	\N	1
231	2026-09-28 00:00:00	9	2026	Kredi Taksiti	VAKIFBANK 2.KREDİ	90602.30	t	20	7	eebc916a-1d2d-43f5-9d8d-68141c0dd728	2026-03-27 00:00:00	2027-10-27 00:00:00	1	\N	2026-03-27 07:43:36.538087	\N	f	\N	\N	f	\N	\N	\N	\N	1
232	2026-10-27 00:00:00	10	2026	Kredi Taksiti	VAKIFBANK 2.KREDİ	90602.30	t	20	8	eebc916a-1d2d-43f5-9d8d-68141c0dd728	2026-03-27 00:00:00	2027-10-27 00:00:00	1	\N	2026-03-27 07:43:36.538087	\N	f	\N	\N	f	\N	\N	\N	\N	1
233	2026-11-27 00:00:00	11	2026	Kredi Taksiti	VAKIFBANK 2.KREDİ	90602.30	t	20	9	eebc916a-1d2d-43f5-9d8d-68141c0dd728	2026-03-27 00:00:00	2027-10-27 00:00:00	1	\N	2026-03-27 07:43:36.538088	\N	f	\N	\N	f	\N	\N	\N	\N	1
234	2026-12-28 00:00:00	12	2026	Kredi Taksiti	VAKIFBANK 2.KREDİ	90602.30	t	20	10	eebc916a-1d2d-43f5-9d8d-68141c0dd728	2026-03-27 00:00:00	2027-10-27 00:00:00	1	\N	2026-03-27 07:43:36.538089	\N	f	\N	\N	f	\N	\N	\N	\N	1
235	2027-01-27 00:00:00	1	2027	Kredi Taksiti	VAKIFBANK 2.KREDİ	90602.30	t	20	11	eebc916a-1d2d-43f5-9d8d-68141c0dd728	2026-03-27 00:00:00	2027-10-27 00:00:00	1	\N	2026-03-27 07:43:36.538089	\N	f	\N	\N	f	\N	\N	\N	\N	1
236	2027-03-01 00:00:00	3	2027	Kredi Taksiti	VAKIFBANK 2.KREDİ	90602.30	t	20	12	eebc916a-1d2d-43f5-9d8d-68141c0dd728	2026-03-27 00:00:00	2027-10-27 00:00:00	1	\N	2026-03-27 07:43:36.538089	\N	f	\N	\N	f	\N	\N	\N	\N	1
237	2027-03-29 00:00:00	3	2027	Kredi Taksiti	VAKIFBANK 2.KREDİ	90602.30	t	20	13	eebc916a-1d2d-43f5-9d8d-68141c0dd728	2026-03-27 00:00:00	2027-10-27 00:00:00	1	\N	2026-03-27 07:43:36.53809	\N	f	\N	\N	f	\N	\N	\N	\N	1
238	2027-04-27 00:00:00	4	2027	Kredi Taksiti	VAKIFBANK 2.KREDİ	90602.30	t	20	14	eebc916a-1d2d-43f5-9d8d-68141c0dd728	2026-03-27 00:00:00	2027-10-27 00:00:00	1	\N	2026-03-27 07:43:36.53809	\N	f	\N	\N	f	\N	\N	\N	\N	1
239	2027-05-27 00:00:00	5	2027	Kredi Taksiti	VAKIFBANK 2.KREDİ	90602.30	t	20	15	eebc916a-1d2d-43f5-9d8d-68141c0dd728	2026-03-27 00:00:00	2027-10-27 00:00:00	1	\N	2026-03-27 07:43:36.53809	\N	f	\N	\N	f	\N	\N	\N	\N	1
240	2027-06-28 00:00:00	6	2027	Kredi Taksiti	VAKIFBANK 2.KREDİ	90602.30	t	20	16	eebc916a-1d2d-43f5-9d8d-68141c0dd728	2026-03-27 00:00:00	2027-10-27 00:00:00	1	\N	2026-03-27 07:43:36.538107	\N	f	\N	\N	f	\N	\N	\N	\N	1
241	2027-07-27 00:00:00	7	2027	Kredi Taksiti	VAKIFBANK 2.KREDİ	90602.30	t	20	17	eebc916a-1d2d-43f5-9d8d-68141c0dd728	2026-03-27 00:00:00	2027-10-27 00:00:00	1	\N	2026-03-27 07:43:36.538108	\N	f	\N	\N	f	\N	\N	\N	\N	1
242	2027-08-27 00:00:00	8	2027	Kredi Taksiti	VAKIFBANK 2.KREDİ	90602.30	t	20	18	eebc916a-1d2d-43f5-9d8d-68141c0dd728	2026-03-27 00:00:00	2027-10-27 00:00:00	1	\N	2026-03-27 07:43:36.538109	\N	f	\N	\N	f	\N	\N	\N	\N	1
243	2027-09-27 00:00:00	9	2027	Kredi Taksiti	VAKIFBANK 2.KREDİ	90602.30	t	20	19	eebc916a-1d2d-43f5-9d8d-68141c0dd728	2026-03-27 00:00:00	2027-10-27 00:00:00	1	\N	2026-03-27 07:43:36.538109	\N	f	\N	\N	f	\N	\N	\N	\N	1
244	2027-10-27 00:00:00	10	2027	Kredi Taksiti	VAKIFBANK 2.KREDİ	90602.26	t	20	20	eebc916a-1d2d-43f5-9d8d-68141c0dd728	2026-03-27 00:00:00	2027-10-27 00:00:00	1	\N	2026-03-27 07:43:36.53811	\N	f	\N	\N	f	\N	\N	\N	\N	1
\.


--
-- Data for Name: Cariler; Type: TABLE DATA; Schema: public; Owner: postgres
--

COPY public."Cariler" ("Id", "CariKodu", "Unvan", "CariTipi", "VergiDairesi", "VergiNo", "Adres", "Telefon", "Email", "YetkiliKisi", "Notlar", "CreatedAt", "UpdatedAt", "IsDeleted", "FirmaId", "MuhasebeHesapId", "Aktif", "Alacak", "Borc", "TcKimlikNo", "SoforId") FROM stdin;
222	C00004	R.S.B.TAŞIMICILIK TURZ.KUY.İNŞ.GIDA İMA.EML.SAN.TİC.LT.ŞTİ.	1	\N	7340649700	\N	\N	\N	\N	\N	2026-03-24 09:40:44.447679	\N	f	\N	\N	t	0	0	\N	\N
305	C00005	A PLUS VİP TAŞIMACILIK TURİZM İNŞAAT HAYVANCILIK TARIM ENERJİ TİCARET LİMİTED ŞİRKETİ	1	\N	6312044666	\N	\N	\N	\N	\N	2026-03-24 10:09:10.47979	\N	f	\N	\N	t	0	0	\N	\N
306	C00006	3C GRUP OTOMOTİV TURİZM TAŞIMACILIK İNŞ TEM GIDA KIRTASİYE SAN TİC LTD ŞTİ	1	\N	0012110656	\N	\N	\N	\N	\N	2026-03-24 10:09:10.844528	\N	f	\N	\N	t	0	0	\N	\N
307	C00007	DÖRTEL ESRA TURİZM TAŞIMACILIK İNŞAAT GIDA PETROL ÜRÜNLERİ SANAYİ TİCARET LİMİTED ŞİRKETİ	1	\N	3130487990	\N	\N	\N	\N	\N	2026-03-24 10:09:10.864059	\N	f	\N	\N	t	0	0	\N	\N
308	C00008	ÖZ ÜSTÜN TURİZM TAŞIMACILIK OTOMOTİV-İNŞAAT GIDA SANAYİ VE TİCARET LİMİTED ŞİRKETİ	1	\N	6620589172	\N	\N	\N	\N	\N	2026-03-24 10:09:10.872038	\N	f	\N	\N	t	0	0	\N	\N
309	C00009	AYBÜKE ÇİLEK TAŞIMACILIK TEMİZLİK OTOMOTİV GIDA LİMİTED ŞİRKETİ	1	\N	1090397066	\N	\N	\N	\N	\N	2026-03-24 10:09:10.880512	\N	f	\N	\N	t	0	0	\N	\N
310	C00010	YUMUŞ TURİZM İNŞAAT TAAHHÜT VE TİCARET LİMİTED ŞİRKETİ	1	\N	9840015856	\N	\N	\N	\N	\N	2026-03-24 10:09:10.887555	\N	f	\N	\N	t	0	0	\N	\N
311	C00011	TÜRK AKREDİTASYON KURUMU	1	\N	8760205463	\N	\N	\N	\N	\N	2026-03-24 10:09:10.894887	\N	f	\N	\N	t	0	0	\N	\N
312	C00012	ASELSAN HASSAS OPTİK SAN. VE TİCARET A.Ş.	1	\N	0860506923	\N	\N	\N	\N	\N	2026-03-24 10:09:10.90204	\N	f	\N	\N	t	0	0	\N	\N
313	C00013	RECEP ÜSTÜN	1	\N	36077268920	\N	\N	\N	\N	\N	2026-03-24 10:09:10.909442	\N	f	\N	\N	t	0	0	\N	\N
314	C00014	CEVAT KESKİN	1	\N	52651405772	\N	\N	\N	\N	\N	2026-03-24 10:09:10.91707	\N	f	\N	\N	t	0	0	\N	\N
315	C00015	FERHAT YILDIRIM	1	\N	53560466038	\N	\N	\N	\N	\N	2026-03-24 10:09:10.924075	\N	f	\N	\N	t	0	0	\N	\N
316	C00016	YUNUS PARLAK	1	\N	10600225758	\N	\N	\N	\N	\N	2026-03-24 10:09:10.931636	\N	f	\N	\N	t	0	0	\N	\N
317	C00017	MUSTAFA YALÇIN	1	\N	21724231440	\N	\N	\N	\N	\N	2026-03-24 10:09:10.939625	\N	f	\N	\N	t	0	0	\N	\N
318	C00018	ARİF GÜLER	1	\N	12334265208	\N	\N	\N	\N	\N	2026-03-24 10:09:10.946818	\N	f	\N	\N	t	0	0	\N	\N
319	C00019	DURMAZ TURİZM TAŞIMACILIK İNŞAAT TAAHHÜT GIDA SANAYİ VE TİCARET LİMİTED ŞİRKETİ	1	\N	3160090934	\N	\N	\N	\N	\N	2026-03-24 10:09:10.953466	\N	f	\N	\N	t	0	0	\N	\N
320	C00020	ADEM DEMİRCİ	1	\N	18020717310	\N	\N	\N	\N	\N	2026-03-24 10:09:10.960076	\N	f	\N	\N	t	0	0	\N	\N
321	C00021	SARIKAYA ULAŞIM FİLO KİRALAMA SANAYİ VE TİCARET LİMİTED ŞİRKETİ	1	\N	9480828729	\N	\N	\N	\N	\N	2026-03-24 10:09:10.96807	\N	f	\N	\N	t	0	0	\N	\N
322	C00022	YAŞAR DEMİRKOPARAN	1	\N	14182210256	\N	\N	\N	\N	\N	2026-03-24 10:09:10.979158	\N	f	\N	\N	t	0	0	\N	\N
323	C00023	FIRAT KUTLUSOY	1	\N	18055083336	\N	\N	\N	\N	\N	2026-03-24 10:09:10.992909	\N	f	\N	\N	t	0	0	\N	\N
324	C00024	EMİR TURİSTİK SERVİSLERİ TURİZM LİMİTED ŞİRKETİ	1	\N	3340964839	\N	\N	\N	\N	\N	2026-03-24 10:09:11.006909	\N	f	\N	\N	t	0	0	\N	\N
325	C00025	METEHAN ALTINTAŞ	1	\N	13651212012	\N	\N	\N	\N	\N	2026-03-24 10:09:11.015868	\N	f	\N	\N	t	0	0	\N	\N
326	C00026	ANKARA SEYAHAT TURİZM OTOMOTİV TEMİZLİK LİMİTED ŞİRKETİ	1	\N	0690496760	\N	\N	\N	\N	\N	2026-03-24 10:09:11.024927	\N	f	\N	\N	t	0	0	\N	\N
327	C00027	SÜLEYMAN DUMAN	1	\N	32669076188	\N	\N	\N	\N	\N	2026-03-24 10:09:11.085032	\N	f	\N	\N	t	0	0	\N	\N
328	C00028	BEKİR GÜZEL	1	\N	46918596884	\N	\N	\N	\N	\N	2026-03-24 10:09:11.094765	\N	f	\N	\N	t	0	0	\N	\N
329	C00029	DSİ GENEL MÜDÜRLÜĞÜ	1	\N	3130025631	\N	\N	\N	\N	\N	2026-03-24 10:09:11.104083	\N	f	\N	\N	t	0	0	\N	\N
330	C00030	MEHMET ÇETİN	1	\N	58270190518	\N	\N	\N	\N	\N	2026-03-24 10:09:11.113562	\N	f	\N	\N	t	0	0	\N	\N
346	C00046	SAİT TANIK	2	\N	16600820092	\N	\N	\N	\N	\N	2026-03-25 12:19:27.111641	\N	f	\N	\N	t	0	0	\N	\N
347	C00047	BENGİ KESİM	2	\N	19804023962	\N	\N	\N	\N	\N	2026-03-25 12:19:27.142875	\N	f	\N	\N	t	0	0	\N	\N
348	C00048	ALİ OSMAN YAŞAR	2	\N	10918095418	\N	\N	\N	\N	\N	2026-03-25 12:19:27.174471	\N	f	\N	\N	t	0	0	\N	\N
349	C00049	AYHAN POLAT	2	\N	10516625826	\N	\N	\N	\N	\N	2026-03-25 12:19:27.217352	\N	f	\N	\N	t	0	0	\N	\N
350	C00050	SUROĞLU TAŞIMACILIK TURİZM TARIM HAYVANCILIK GIDA SANAYİ VE TİCARET LİMİTED ŞİRKETİ	2	\N	7840305747	\N	\N	\N	\N	\N	2026-03-25 12:19:27.238513	\N	f	\N	\N	t	0	0	\N	\N
351	C00051	SAHİBİNDEN BİLGİ TEK.PAZ.TİC.A.Ş.	2	\N	7390146556	\N	\N	\N	\N	\N	2026-03-25 12:19:27.257734	\N	f	\N	\N	t	0	0	\N	\N
6	C0001	KAMİL KOÇ OTOBÜSLERİ A.Ş.	1	\N	4940036577	\N	\N	\N	\N	\N	2026-03-24 09:17:01.599975	\N	f	\N	\N	t	0	0	\N	\N
331	C00031	GİMSA PERAKENDE GIDA SANAYİ VE TİCARET ANONİM ŞİRKETİ	2	\N	3951685083	\N	\N	\N	\N	\N	2026-03-25 12:19:26.417908	\N	f	\N	\N	t	0	0	\N	\N
332	C00032	ANKARA ARAÇ MUAYENE İSTASYONLARI İŞLETİM VE TİCARET ANONİM ŞİRKETİ	2	\N	0690430490	\N	\N	\N	\N	\N	2026-03-25 12:19:26.637945	\N	f	\N	\N	t	0	0	\N	\N
333	C00033	ŞABAN TAŞTEMUR	2	\N	20290739046	\N	\N	\N	\N	\N	2026-03-25 12:19:26.663378	\N	f	\N	\N	t	0	0	\N	\N
334	C00034	NEV GIDA SAN VE TİC LTD ŞTİ	2	\N	6310029716	\N	\N	\N	\N	\N	2026-03-25 12:19:26.690194	\N	f	\N	\N	t	0	0	\N	\N
335	C00035	ÇİTLEKÇİ MAĞAZACILIK GIDA ANONİM ŞİRKETİ	2	\N	8670444965	\N	\N	\N	\N	\N	2026-03-25 12:19:26.713626	\N	f	\N	\N	t	0	0	\N	\N
336	C00036	OĞUZ KAPLAN	2	\N	52543288872	\N	\N	\N	\N	\N	2026-03-25 12:19:26.755817	\N	f	\N	\N	t	0	0	\N	\N
337	C00037	GOLD PLATİNUM VİP DESİNG TURİZM ORGANİZASYON TİCARET LİMİTED ŞİRKETİ	2	\N	7300736951	\N	\N	\N	\N	\N	2026-03-25 12:19:26.787697	\N	f	\N	\N	t	0	0	\N	\N
338	C00038	BİM BİRLEŞİK MAĞAZALAR A.Ş.	2	\N	1750051846	\N	\N	\N	\N	\N	2026-03-25 12:19:26.81809	\N	f	\N	\N	t	0	0	\N	\N
339	C00039	HAKAN YILDIZ	2	\N	19006042518	\N	\N	\N	\N	\N	2026-03-25 12:19:26.836838	\N	f	\N	\N	t	0	0	\N	\N
340	C00040	GÖKHAN PULAT	2	\N	11383276630	\N	\N	\N	\N	\N	2026-03-25 12:19:26.85437	\N	f	\N	\N	t	0	0	\N	\N
341	C00041	HAS GRUP TEMİZLİK TAŞIMACILIK KUYUMCULUK OTOMOTİV İNŞAAT SAĞLIK VE BAKIM HİZMETLERİ YEMEK İMALAT İTH	2	\N	4580469475	\N	\N	\N	\N	\N	2026-03-25 12:19:26.880408	\N	f	\N	\N	t	0	0	\N	\N
342	C00042	RIZA BAĞ	2	\N	16597062512	\N	\N	\N	\N	\N	2026-03-25 12:19:26.923449	\N	f	\N	\N	t	0	0	\N	\N
343	C00043	EVLİYA SERİN	2	\N	10223819792	\N	\N	\N	\N	\N	2026-03-25 12:19:26.95379	\N	f	\N	\N	t	0	0	\N	\N
344	C00044	MUHARREM GÜZEL	2	\N	24377225170	\N	\N	\N	\N	\N	2026-03-25 12:19:27.010457	\N	f	\N	\N	t	0	0	\N	\N
345	C00045	YENİ AYYILDIZ TURİZM TAŞIMACILIK TEMİZLİK BİLGİSAYAR SANAYİ TİCARET LİMİTED ŞİRKETİ	2	\N	9480386537	\N	\N	\N	\N	\N	2026-03-25 12:19:27.042748	\N	f	\N	\N	t	0	0	\N	\N
352	C00052	YALÇIN AKSOY	2	\N	52231454466	\N	\N	\N	\N	\N	2026-03-25 12:19:27.280259	\N	f	\N	\N	t	0	0	\N	\N
353	C00053	ENTEKS TEKSTİL VE REKLAM ÜRÜNLERİ TİCARET VE SANAYİ LİMİTED ŞİRKETİ	2	\N	3360080598	\N	\N	\N	\N	\N	2026-03-25 12:19:27.323857	\N	f	\N	\N	t	0	0	\N	\N
354	C00054	GÜNGÖR AKMAN	2	\N	23098621674	\N	\N	\N	\N	\N	2026-03-25 12:19:27.339216	\N	f	\N	\N	t	0	0	\N	\N
355	C00055	İSMAİL YILDIZ	2	\N	25276105020	\N	\N	\N	\N	\N	2026-03-25 12:19:27.382523	\N	f	\N	\N	t	0	0	\N	\N
356	C00056	RİFAT AKTAŞ	2	\N	11722076860	\N	\N	\N	\N	\N	2026-03-25 12:19:27.397247	\N	f	\N	\N	t	0	0	\N	\N
357	C00057	BEDİA KILIÇ	2	\N	32393080840	\N	\N	\N	\N	\N	2026-03-25 12:19:27.413647	\N	f	\N	\N	t	0	0	\N	\N
358	C00058	GİMAT MAĞAZACILIK SANAYİ VE TİCARET ANONİM ŞİRKETİ	2	\N	3950921598	\N	\N	\N	\N	\N	2026-03-25 12:19:27.433958	\N	f	\N	\N	t	0	0	\N	\N
359	C00059	ESERBEY TURİZM VE TAŞIMACILIK TİCARET LİMİTED ŞİRKETİ	2	\N	3790384891	\N	\N	\N	\N	\N	2026-03-25 12:19:27.445672	\N	f	\N	\N	t	0	0	\N	\N
360	C00060	FULPET AKARYAKIT TİCARET VE SANAYİ ANONİM ŞİRKETİ	2	\N	3881919316	\N	\N	\N	\N	\N	2026-03-25 12:19:27.468635	\N	f	\N	\N	t	0	0	\N	\N
361	C00061	HAKAN ÖZER	2	\N	15352155322	\N	\N	\N	\N	\N	2026-03-25 12:19:27.481974	\N	f	\N	\N	t	0	0	\N	\N
362	C00062	TT MOBİL İLETİŞİM HİZMETLERİ A.Ş.	2	\N	8590380323	\N	\N	\N	\N	\N	2026-03-25 12:19:27.496206	\N	f	\N	\N	t	0	0	\N	\N
363	C00063	AY-MO-KE MOBILYA TEKINS.GID.VE TURZ.PAZATIC.SAN.LTD.STI.	2	\N	0940101630	\N	\N	\N	\N	\N	2026-03-25 12:19:27.514265	\N	f	\N	\N	t	0	0	\N	\N
364	C00064	TTNET A.Ş.	2	\N	8590491872	\N	\N	\N	\N	\N	2026-03-25 12:19:27.526656	\N	f	\N	\N	t	0	0	\N	\N
365	C00065	KOLUMAN MOTORLU ARAÇLAR TİCARET VE SANAYİ ANONİM ŞİRKETİ	2	\N	5750046974	\N	\N	\N	\N	\N	2026-03-25 12:19:27.544498	\N	f	\N	\N	t	0	0	\N	\N
366	C00066	BÜKENOĞLU TUR TURİZM TAŞIMACILIK İNŞAAT OTOMOTİV BESİCİLİK İÇ VE DIŞ TİCARET SANAYİ LİMİTED ŞİRKETİ	2	\N	1910565577	\N	\N	\N	\N	\N	2026-03-25 12:19:27.557983	\N	f	\N	\N	t	0	0	\N	\N
367	C00067	TEKMAN OTOMOTİV TURİZM NAKLİYE İNŞAAT TEMİZLİK GIDA SANAYİ VE TİCARET LİMİTED ŞİRKETİ	2	\N	8360066394	\N	\N	\N	\N	\N	2026-03-25 12:19:27.571158	\N	f	\N	\N	t	0	0	\N	\N
368	C00068	YURTİÇİ KARGO SERVİSİ ANONİM ŞİRKETİ	2	\N	9860008925	\N	\N	\N	\N	\N	2026-03-25 12:19:27.584446	\N	f	\N	\N	t	0	0	\N	\N
369	C00069	MERCEDES BENZ OTOMOTİV TİCARET VE HİZMETLER ANONİM ŞİRKETİ	2	\N	6160687393	\N	\N	\N	\N	\N	2026-03-25 12:19:27.599086	\N	f	\N	\N	t	0	0	\N	\N
370	C00070	ENERJİSA BAŞKENT ELEKTRİK PERAKENDE SATIŞ A.Ş.	2	\N	3350432123	\N	\N	\N	\N	\N	2026-03-25 12:19:27.619591	\N	f	\N	\N	t	0	0	\N	\N
371	C00071	TMS MOBİL HİZMETLER TAŞ TURZ İNŞ TEKSTİL KİMYA MED SAĞ SAN TİC LTD ŞTİ	2	\N	8450308249	\N	\N	\N	\N	\N	2026-03-25 12:19:27.640288	\N	f	\N	\N	t	0	0	\N	\N
372	C00072	ARAS KARGO YURT İÇİ YURT DIŞI TAŞIMACILIK A.Ş.	2	\N	0720039666	\N	\N	\N	\N	\N	2026-03-25 12:19:27.660611	\N	f	\N	\N	t	0	0	\N	\N
373	C00073	MERCANLAR OTOMOTİV TİC. A.Ş.	2	\N	6160042646	\N	\N	\N	\N	\N	2026-03-25 12:19:27.686613	\N	f	\N	\N	t	0	0	\N	\N
374	C00074	RENGARENK DİGİTAL REKLAM İTH.İHR.ORG.İNŞ.SAN VE TİC LTD.ŞTİ	2	\N	7340657817	\N	\N	\N	\N	\N	2026-03-25 12:19:27.729226	\N	f	\N	\N	t	0	0	\N	\N
375	C00075	ÖZELLER DAYANIKLI TÜKETİM MALLARI İNŞAAT TAAHHÜT TİCARET VE SANAYİ LİMİTED ŞİRKETİ	2	\N	6860050640	\N	\N	\N	\N	\N	2026-03-25 12:19:27.819079	\N	f	\N	\N	t	0	0	\N	\N
376	C00076	TANER ÖZTAŞ	2	\N	10012111748	\N	\N	\N	\N	\N	2026-03-25 12:19:27.84177	\N	f	\N	\N	t	0	0	\N	\N
377	C00077	MEDİAMARKT TURKEY TİCARET LİMİTED ŞİRKETİ	2	\N	6130636884	\N	\N	\N	\N	\N	2026-03-25 12:19:27.877979	\N	f	\N	\N	t	0	0	\N	\N
378	C00078	AKYURT SÜPERMARKET GIDA İNŞAAT SANAYİ VE TİCARET ANONİM ŞİRKETİ	2	\N	0450119502	\N	\N	\N	\N	\N	2026-03-25 12:19:27.911059	\N	f	\N	\N	t	0	0	\N	\N
379	C00079	HALİL UÇAR	2	\N	60829406162	\N	\N	\N	\N	\N	2026-03-25 12:19:27.96349	\N	f	\N	\N	t	0	0	\N	\N
380	C00080	HACI ALİ DAĞDELEN	2	\N	10693024566	\N	\N	\N	\N	\N	2026-03-25 12:19:28.026656	\N	f	\N	\N	t	0	0	\N	\N
381	C00081	PEJOSER OTOMOTİV TURİZM TAŞIMACILIK İNŞAAT GIDA TEMİZLİK ELEKTİRONİK TEKSTİL İÇ VE DIŞ TİC.LTD.ŞTİ.	2	\N	7240282533	\N	\N	\N	\N	\N	2026-03-25 12:19:28.163519	\N	f	\N	\N	t	0	0	\N	\N
382	C00082	FİLE MARKET MAĞAZACILIK ANONİM ŞİRKETİ	2	\N	3871427056	\N	\N	\N	\N	\N	2026-03-25 12:19:28.278712	\N	f	\N	\N	t	0	0	\N	\N
383	C00083	ALTERNATİF KIRTASİYECİLİK MATBAACILIK REKLAMCILIK İNŞAAT VE BİLGİSAYAR TİCARET VE SANAYİ LİMİTED ŞİRKETİ	2	\N	0600048184	\N	\N	\N	\N	\N	2026-03-25 12:19:28.294591	\N	f	\N	\N	t	0	0	\N	\N
384	C00084	DNC MEKANİK İNŞAAT LİMİTED ŞİRKETİ	2	\N	3021326108	\N	\N	\N	\N	\N	2026-03-25 12:19:28.31154	\N	f	\N	\N	t	0	0	\N	\N
385	C00085	HAKAN SAC METAL ANONİM ŞİRKETİ	2	\N	4540631732	\N	\N	\N	\N	\N	2026-03-25 12:19:28.360291	\N	f	\N	\N	t	0	0	\N	\N
386	C00086	AYHAN GRUP GAYRİMENKUL İNŞAAT GIDA SANAYİ TİCARET ANONİM ŞİRKETİ	2	\N	4600429020	\N	\N	\N	\N	\N	2026-03-25 12:19:28.381748	\N	f	\N	\N	t	0	0	\N	\N
387	C00087	ÜÇEL BALATA OTOMOTİV SANAYİ VE TİCARET LİMİTED ŞİRKETİ	2	\N	9041063787	\N	\N	\N	\N	\N	2026-03-25 12:19:28.456344	\N	f	\N	\N	t	0	0	\N	\N
388	C00088	GÜLAY DALKILIÇ	2	\N	24859544102	\N	\N	\N	\N	\N	2026-03-25 12:19:28.480148	\N	f	\N	\N	t	0	0	\N	\N
389	C00089	İYİ GÜN GIDA İHTİYAÇ MADDELERİ LOJİSTİKSANAYİ VE TİCARET ANONİM ŞİRKETİ	2	\N	4830347625	\N	\N	\N	\N	\N	2026-03-25 12:19:28.502281	\N	f	\N	\N	t	0	0	\N	\N
390	C00090	DURKUTLAR OTOM LAS SAN VE TİC. LTD ŞTİ	2	\N	3160038842	\N	\N	\N	\N	\N	2026-03-25 12:19:28.543399	\N	f	\N	\N	t	0	0	\N	\N
391	C00091	ÇÖRTOĞLU İ NŞAAT VE YAPI MALZEMELERİ SAN.VE TİC.LTD.ŞTİ.	2	\N	2630024288	\N	\N	\N	\N	\N	2026-03-25 12:19:28.569661	\N	f	\N	\N	t	0	0	\N	\N
392	C00092	BEYLERBEYİ GRUP TAŞIMACILIK VE TİCARET LİMİTED ŞİRKETİ	2	\N	1671386121	\N	\N	\N	\N	\N	2026-03-25 12:19:28.587989	\N	f	\N	\N	t	0	0	\N	\N
393	C00093	TOPRAK MATBAACILIK OFSET KAĞIT BASKI REKLAM OTO KİRALAMA SANAYİ VE TİCARET LİMİTED ŞİRKETİ	2	\N	4540505565	\N	\N	\N	\N	\N	2026-03-25 12:19:28.606595	\N	f	\N	\N	t	0	0	\N	\N
\.


--
-- Data for Name: ChecklistKalemleri; Type: TABLE DATA; Schema: public; Owner: postgres
--

COPY public."ChecklistKalemleri" ("Id", "AylikChecklistId", "KalemAdi", "Durum", "SonGecerlilikTarihi", "KontrolTarihi", "Aciklama", "SiraNo", "CreatedAt", "UpdatedAt", "IsDeleted") FROM stdin;
\.


--
-- Data for Name: DashboardWidgetlar; Type: TABLE DATA; Schema: public; Owner: postgres
--

COPY public."DashboardWidgetlar" ("Id", "KullaniciId", "WidgetKodu", "Sira", "Kolon", "Genislik", "Gorunur", "Kucultulmus", "Ayarlar", "CreatedAt", "UpdatedAt", "IsDeleted") FROM stdin;
\.


--
-- Data for Name: EmailAyarlari; Type: TABLE DATA; Schema: public; Owner: postgres
--

COPY public."EmailAyarlari" ("Id", "KullaniciId", "SmtpSunucu", "SmtpPort", "SslKullan", "Email", "Sifre", "GonderenAdi", "Aktif", "CreatedAt", "UpdatedAt", "IsDeleted", "GelenKlasoru", "GelenKutusuAktif", "ImapPort", "ImapSslKullan", "ImapSunucu") FROM stdin;
\.


--
-- Data for Name: FaturaKalemleri; Type: TABLE DATA; Schema: public; Owner: postgres
--

COPY public."FaturaKalemleri" ("Id", "SiraNo", "Aciklama", "Miktar", "Birim", "BirimFiyat", "KdvOrani", "KdvTutar", "ToplamTutar", "FaturaId", "CreatedAt", "UpdatedAt", "IsDeleted") FROM stdin;
\.


--
-- Data for Name: Faturalar; Type: TABLE DATA; Schema: public; Owner: postgres
--

COPY public."Faturalar" ("Id", "FaturaNo", "FaturaTarihi", "VadeTarihi", "FaturaTipi", "Durum", "AraToplam", "KdvOrani", "KdvTutar", "GenelToplam", "OdenenTutar", "Aciklama", "Notlar", "CariId", "CreatedAt", "UpdatedAt", "IsDeleted", "EFaturaTipi", "EttnNo", "FaturaYonu", "GibKodu", "GibOnayTarihi", "ImportKaynak", "FirmaId", "IskontoTutar") FROM stdin;
45	UST2026000000043	2026-03-14 00:00:00	\N	1	1	49320.06	20.00	9864.01	59184.07	0.00	\N	\N	6	2026-03-25 12:13:37.095675	\N	f	1	\N	1	\N	\N	Excel	\N	0.00
46	UST2026000000042	2026-03-06 00:00:00	\N	1	1	32000.00	20.00	6400.00	38400.00	0.00	\N	\N	222	2026-03-25 12:13:37.674231	\N	f	1	\N	1	\N	\N	Excel	\N	0.00
47	UST2026000000041	2026-03-06 00:00:00	\N	1	1	36000.00	20.00	7200.00	43200.00	0.00	\N	\N	305	2026-03-25 12:13:37.697437	\N	f	1	\N	1	\N	\N	Excel	\N	0.00
48	UST2026000000040	2026-02-28 00:00:00	\N	1	1	2188700.00	20.00	437740.00	2626440.00	0.00	\N	\N	306	2026-03-25 12:13:37.702857	\N	f	1	\N	1	\N	\N	Excel	\N	0.00
49	UST2026000000039	2026-02-28 00:00:00	\N	1	1	3152825.00	20.00	630565.00	3783390.00	0.00	\N	\N	306	2026-03-25 12:13:37.708706	\N	f	1	\N	1	\N	\N	Excel	\N	0.00
50	UST2026000000038	2026-02-28 00:00:00	\N	1	1	160000.00	20.00	32000.00	192000.00	0.00	\N	\N	306	2026-03-25 12:13:37.715049	\N	f	1	\N	1	\N	\N	Excel	\N	0.00
51	UST2026000000037	2026-02-28 00:00:00	\N	1	1	40000.00	20.00	8000.00	48000.00	0.00	\N	\N	307	2026-03-25 12:13:37.721685	\N	f	1	\N	1	\N	\N	Excel	\N	0.00
52	UST2026000000036	2026-02-28 00:00:00	\N	1	1	65000.00	20.00	13000.00	78000.00	0.00	\N	\N	308	2026-03-25 12:13:37.726491	\N	f	1	\N	1	\N	\N	Excel	\N	0.00
53	UST2026000000035	2026-02-28 00:00:00	\N	1	1	34000.00	20.00	6800.00	40800.00	0.00	\N	\N	309	2026-03-25 12:13:37.731888	\N	f	1	\N	1	\N	\N	Excel	\N	0.00
54	UST2026000000034	2026-02-28 00:00:00	\N	1	1	120000.00	20.00	24000.00	144000.00	0.00	\N	\N	310	2026-03-25 12:13:37.736941	\N	f	1	\N	1	\N	\N	Excel	\N	0.00
55	UST2026000000033	2026-02-28 00:00:00	\N	1	1	1319980.00	20.00	263996.00	1451978.00	0.00	\N	\N	311	2026-03-25 12:13:37.742226	\N	f	1	\N	1	\N	\N	Excel	\N	0.00
56	UST2026000000032	2026-02-28 00:00:00	\N	1	1	346000.00	20.00	69200.00	415200.00	0.00	\N	\N	312	2026-03-25 12:13:37.747546	\N	f	1	\N	1	\N	\N	Excel	\N	0.00
57	UST2026000000031	2026-02-28 00:00:00	\N	1	1	107121.37	20.00	21424.27	128545.64	0.00	\N	\N	313	2026-03-25 12:13:37.753186	\N	f	1	\N	1	\N	\N	Excel	\N	0.00
58	UST2026000000030	2026-02-28 00:00:00	\N	1	1	43571.94	20.00	8714.39	52286.33	0.00	\N	\N	314	2026-03-25 12:13:37.758742	\N	f	1	\N	1	\N	\N	Excel	\N	0.00
59	UST2026000000029	2026-03-02 00:00:00	\N	1	1	2583333.33	20.00	516666.67	3100000.00	0.00	\N	\N	315	2026-03-25 12:13:37.764062	\N	f	1	\N	1	\N	\N	Excel	\N	0.00
60	UST2026000000028	2026-02-27 00:00:00	\N	1	1	2583333.33	20.00	516666.67	3100000.00	0.00	\N	\N	316	2026-03-25 12:13:37.769612	\N	f	1	\N	1	\N	\N	Excel	\N	0.00
61	UST2026000000027	2026-02-26 00:00:00	\N	1	1	2583333.33	20.00	516666.67	3100000.00	0.00	\N	\N	317	2026-03-25 12:13:37.775773	\N	f	1	\N	1	\N	\N	Excel	\N	0.00
62	UST2026000000026	2026-02-25 00:00:00	\N	1	1	2583333.33	20.00	516666.67	3100000.00	0.00	\N	\N	318	2026-03-25 12:13:37.783459	\N	f	1	\N	1	\N	\N	Excel	\N	0.00
63	UST2026000000025	2026-02-25 00:00:00	\N	1	1	1541666.67	20.00	308333.33	1850000.00	0.00	\N	\N	319	2026-03-25 12:13:37.789294	\N	f	1	\N	1	\N	\N	Excel	\N	0.00
64	UST2026000000024	2026-02-25 00:00:00	\N	1	1	2583333.33	20.00	516666.67	3100000.00	0.00	\N	\N	320	2026-03-25 12:13:37.794982	\N	f	1	\N	1	\N	\N	Excel	\N	0.00
65	UST2026000000023	2026-02-24 00:00:00	\N	1	1	24000.00	20.00	4800.00	28800.00	0.00	\N	\N	321	2026-03-25 12:13:37.800718	\N	f	1	\N	1	\N	\N	Excel	\N	0.00
66	UST2026000000022	2026-02-20 00:00:00	\N	1	1	2583333.33	20.00	516666.67	3100000.00	0.00	\N	\N	322	2026-03-25 12:13:37.80653	\N	f	1	\N	1	\N	\N	Excel	\N	0.00
67	UST2026000000021	2026-02-11 00:00:00	\N	1	1	2000.00	20.00	200.00	2200.00	0.00	\N	\N	323	2026-03-25 12:13:37.812944	\N	f	1	\N	1	\N	\N	Excel	\N	0.00
68	UST2026000000020	2026-02-11 00:00:00	\N	1	1	2800.00	20.00	560.00	3360.00	0.00	\N	\N	324	2026-03-25 12:13:37.819341	\N	f	1	\N	1	\N	\N	Excel	\N	0.00
69	UST2026000000019	2026-02-11 00:00:00	\N	1	1	3500.00	20.00	350.00	3850.00	0.00	\N	\N	325	2026-03-25 12:13:37.825724	\N	f	1	\N	1	\N	\N	Excel	\N	0.00
70	UST2026000000018	2026-02-11 00:00:00	\N	1	1	3000.00	20.00	600.00	3600.00	0.00	\N	\N	326	2026-03-25 12:13:37.831271	\N	f	1	\N	1	\N	\N	Excel	\N	0.00
71	UST2026000000017	2026-01-31 00:00:00	\N	1	1	168000.00	20.00	33600.00	201600.00	0.00	\N	\N	306	2026-03-25 12:13:37.83763	\N	f	1	\N	1	\N	\N	Excel	\N	0.00
72	UST2026000000016	2026-01-31 00:00:00	\N	1	1	3070500.00	20.00	614100.00	3684600.00	0.00	\N	\N	306	2026-03-25 12:13:37.843504	\N	f	1	\N	1	\N	\N	Excel	\N	0.00
73	UST2026000000015	2026-01-31 00:00:00	\N	1	1	2400275.00	20.00	480055.00	2880330.00	0.00	\N	\N	306	2026-03-25 12:13:37.850231	\N	f	1	\N	1	\N	\N	Excel	\N	0.00
74	UST2026000000014	2026-01-31 00:00:00	\N	1	1	340000.00	20.00	68000.00	408000.00	0.00	\N	\N	312	2026-03-25 12:13:37.857153	\N	f	1	\N	1	\N	\N	Excel	\N	0.00
75	UST2026000000013	2026-01-31 00:00:00	\N	1	1	126000.00	20.00	25200.00	151200.00	0.00	\N	\N	310	2026-03-25 12:13:37.863467	\N	f	1	\N	1	\N	\N	Excel	\N	0.00
76	UST2026000000012	2026-01-31 00:00:00	\N	1	1	31500.00	20.00	6300.00	37800.00	0.00	\N	\N	309	2026-03-25 12:13:37.868394	\N	f	1	\N	1	\N	\N	Excel	\N	0.00
77	UST2026000000011	2026-01-31 00:00:00	\N	1	1	68250.00	20.00	13650.00	81900.00	0.00	\N	\N	308	2026-03-25 12:13:37.873425	\N	f	1	\N	1	\N	\N	Excel	\N	0.00
78	UST2026000000010	2026-01-31 00:00:00	\N	1	1	12000.00	20.00	2400.00	14400.00	0.00	\N	\N	321	2026-03-25 12:13:37.885926	\N	f	1	\N	1	\N	\N	Excel	\N	0.00
79	UST2026000000009	2026-01-31 00:00:00	\N	1	1	1500275.00	20.00	300055.00	1800330.00	0.00	\N	\N	326	2026-03-25 12:13:37.899611	\N	f	1	\N	1	\N	\N	Excel	\N	0.00
80	UST2026000000008	2026-01-31 00:00:00	\N	1	1	1385979.00	20.00	277195.80	1524576.90	0.00	\N	\N	311	2026-03-25 12:13:37.910701	\N	f	1	\N	1	\N	\N	Excel	\N	0.00
81	UST2026000000007	2026-01-31 00:00:00	\N	1	1	42000.00	20.00	8400.00	50400.00	0.00	\N	\N	307	2026-03-25 12:13:37.920171	\N	f	1	\N	1	\N	\N	Excel	\N	0.00
82	UST2026000000006	2026-01-31 00:00:00	\N	1	1	108890.10	20.00	21778.02	130668.12	0.00	\N	\N	313	2026-03-25 12:13:37.927968	\N	f	1	\N	1	\N	\N	Excel	\N	0.00
83	UST2026000000005	2026-01-31 00:00:00	\N	1	1	37561.28	20.00	7512.26	45073.54	0.00	\N	\N	314	2026-03-25 12:13:37.936364	\N	f	1	\N	1	\N	\N	Excel	\N	0.00
84	UST2026000000004	2026-01-29 00:00:00	\N	1	1	3500.00	20.00	700.00	4200.00	0.00	\N	\N	327	2026-03-25 12:13:37.944959	\N	f	1	\N	1	\N	\N	Excel	\N	0.00
85	UST2026000000003	2026-01-23 00:00:00	\N	1	1	1170.00	20.00	117.00	1287.00	0.00	\N	\N	328	2026-03-25 12:13:37.95244	\N	f	1	\N	1	\N	\N	Excel	\N	0.00
86	UST2026000000002	2026-01-13 00:00:00	\N	1	1	683249.04	20.00	136649.81	751573.94	0.00	\N	\N	329	2026-03-25 12:13:37.958826	\N	f	1	\N	1	\N	\N	Excel	\N	0.00
87	UST2026000000001	2026-01-15 00:00:00	\N	1	1	1666666.67	20.00	333333.33	2000000.00	0.00	\N	\N	330	2026-03-25 12:13:37.967385	\N	f	1	\N	1	\N	\N	Excel	\N	0.00
88	MEF2026000050761	2026-03-15 00:00:00	\N	2	1	2758.95	20.00	206.63	2965.58	0.00	\N	\N	331	2026-03-25 12:19:26.611442	\N	f	1	\N	2	\N	\N	Excel	\N	0.00
89	ANF2026000044325	2026-03-16 00:00:00	\N	2	1	4088.33	20.00	817.67	4906.00	0.00	\N	\N	332	2026-03-25 12:19:26.6483	\N	f	1	\N	2	\N	\N	Excel	\N	0.00
90	SFT2026000000029	2026-03-16 00:00:00	\N	2	1	17350.00	20.00	3470.00	20820.00	0.00	\N	\N	333	2026-03-25 12:19:26.673517	\N	f	1	\N	2	\N	\N	Excel	\N	0.00
91	NEV2026218001531	2026-03-14 00:00:00	\N	2	1	1366.38	20.00	90.44	1456.80	0.00	\N	\N	334	2026-03-25 12:19:26.700895	\N	f	1	\N	2	\N	\N	Excel	\N	0.00
92	L362026000000064	2026-03-15 00:00:00	\N	2	1	689.71	20.00	6.90	696.61	0.00	\N	\N	335	2026-03-25 12:19:26.723046	\N	f	1	\N	2	\N	\N	Excel	\N	0.00
93	ANF2026000043730	2026-03-13 00:00:00	\N	2	1	3890.25	20.00	778.05	4668.30	0.00	\N	\N	332	2026-03-25 12:19:26.732824	\N	f	1	\N	2	\N	\N	Excel	\N	0.00
94	YUM2026000000121	2026-03-13 00:00:00	\N	2	1	5250.00	20.00	1050.00	6300.00	0.00	\N	\N	310	2026-03-25 12:19:26.743526	\N	f	1	\N	2	\N	\N	Excel	\N	0.00
95	EFA2026000000017	2026-03-11 00:00:00	\N	2	1	250000.00	20.00	50000.00	300000.00	0.00	\N	\N	336	2026-03-25 12:19:26.763649	\N	f	1	\N	2	\N	\N	Excel	\N	0.00
96	ANF2026000041733	2026-03-11 00:00:00	\N	2	1	4273.58	20.00	854.72	5128.30	0.00	\N	\N	332	2026-03-25 12:19:26.774874	\N	f	1	\N	2	\N	\N	Excel	\N	0.00
97	GLD2026000000113	2026-03-09 00:00:00	\N	2	1	33333.33	20.00	6666.67	40000.00	0.00	\N	\N	337	2026-03-25 12:19:26.796106	\N	f	1	\N	2	\N	\N	Excel	\N	0.00
98	GLD2026000000114	2026-03-09 00:00:00	\N	2	1	33333.33	20.00	6666.67	40000.00	0.00	\N	\N	337	2026-03-25 12:19:26.806538	\N	f	1	\N	2	\N	\N	Excel	\N	0.00
99	AE02026001195305	2026-03-09 00:00:00	\N	2	1	208.25	20.00	5.87	208.25	0.00	\N	\N	338	2026-03-25 12:19:26.826777	\N	f	1	\N	2	\N	\N	Excel	\N	0.00
100	HKN2026000000007	2026-02-28 00:00:00	\N	2	1	55000.00	20.00	11000.00	66000.00	0.00	\N	\N	339	2026-03-25 12:19:26.844683	\N	f	1	\N	2	\N	\N	Excel	\N	0.00
101	GKN2026000000004	2026-02-28 00:00:00	\N	2	1	163500.00	20.00	32700.00	179850.00	0.00	\N	\N	340	2026-03-25 12:19:26.860627	\N	f	1	\N	2	\N	\N	Excel	\N	0.00
102	HAS2026000000022	2026-02-28 00:00:00	\N	2	1	193700.00	20.00	38740.00	213070.00	0.00	\N	\N	341	2026-03-25 12:19:26.892602	\N	f	1	\N	2	\N	\N	Excel	\N	0.00
103	HAS2026000000021	2026-02-28 00:00:00	\N	2	1	16666.67	20.00	3333.33	20000.00	0.00	\N	\N	341	2026-03-25 12:19:26.906898	\N	f	1	\N	2	\N	\N	Excel	\N	0.00
104	RIZ2026000000009	2026-02-28 00:00:00	\N	2	1	42000.00	20.00	8400.00	46200.00	0.00	\N	\N	342	2026-03-25 12:19:26.935005	\N	f	1	\N	2	\N	\N	Excel	\N	0.00
105	EVL2026000000011	2026-02-28 00:00:00	\N	2	1	149000.00	20.00	29800.00	163900.00	0.00	\N	\N	343	2026-03-25 12:19:26.965942	\N	f	1	\N	2	\N	\N	Excel	\N	0.00
106	NEV2026238000866	2026-03-06 00:00:00	\N	2	1	6526.85	20.00	313.44	6840.25	0.00	\N	\N	334	2026-03-25 12:19:26.97988	\N	f	1	\N	2	\N	\N	Excel	\N	0.00
107	ANE2026000000110	2026-02-28 00:00:00	\N	2	1	66000.00	20.00	13200.00	79200.00	0.00	\N	\N	326	2026-03-25 12:19:26.994479	\N	f	1	\N	2	\N	\N	Excel	\N	0.00
108	EKO2026000000005	2026-02-28 00:00:00	\N	2	1	198000.00	20.00	39600.00	217800.00	0.00	\N	\N	344	2026-03-25 12:19:27.024477	\N	f	1	\N	2	\N	\N	Excel	\N	0.00
109	YAY2026000000021	2026-02-28 00:00:00	\N	2	1	6750.00	20.00	1350.00	8100.00	0.00	\N	\N	345	2026-03-25 12:19:27.055921	\N	f	1	\N	2	\N	\N	Excel	\N	0.00
110	CSN2026000000026	2026-02-28 00:00:00	\N	2	1	41800.00	20.00	8360.00	50160.00	0.00	\N	\N	324	2026-03-25 12:19:27.074247	\N	f	1	\N	2	\N	\N	Excel	\N	0.00
111	BKR2026000000014	2026-02-28 00:00:00	\N	2	1	36000.00	20.00	7200.00	39600.00	0.00	\N	\N	328	2026-03-25 12:19:27.092396	\N	f	1	\N	2	\N	\N	Excel	\N	0.00
112	SAT2026000000018	2026-02-28 00:00:00	\N	2	1	32000.00	20.00	6400.00	35200.00	0.00	\N	\N	346	2026-03-25 12:19:27.125398	\N	f	1	\N	2	\N	\N	Excel	\N	0.00
113	KUK2026000000004	2026-02-28 00:00:00	\N	2	1	352000.00	20.00	70400.00	387200.00	0.00	\N	\N	347	2026-03-25 12:19:27.156672	\N	f	1	\N	2	\N	\N	Excel	\N	0.00
114	AOY2026000000009	2026-02-28 00:00:00	\N	2	1	36000.00	20.00	7200.00	39600.00	0.00	\N	\N	348	2026-03-25 12:19:27.18857	\N	f	1	\N	2	\N	\N	Excel	\N	0.00
115	YLC2026000000005	2026-02-28 00:00:00	\N	2	1	1458333.33	20.00	291666.67	1750000.00	0.00	\N	\N	317	2026-03-25 12:19:27.202769	\N	f	1	\N	2	\N	\N	Excel	\N	0.00
116	AYH2026000000004	2026-02-28 00:00:00	\N	2	1	210000.00	20.00	42000.00	231000.00	0.00	\N	\N	349	2026-03-25 12:19:27.226653	\N	f	1	\N	2	\N	\N	Excel	\N	0.00
117	SUR2026000000017	2026-02-28 00:00:00	\N	2	1	45000.00	20.00	9000.00	49500.00	0.00	\N	\N	350	2026-03-25 12:19:27.246653	\N	f	1	\N	2	\N	\N	Excel	\N	0.00
118	SH42026000086759	2026-03-01 00:00:00	\N	2	1	11309.89	20.00	2261.98	13571.87	0.00	\N	\N	351	2026-03-25 12:19:27.263651	\N	f	1	\N	2	\N	\N	Excel	\N	0.00
119	ANK2026000000026	2026-03-05 00:00:00	\N	2	1	23275.00	20.00	4655.00	27930.00	0.00	\N	\N	326	2026-03-25 12:19:27.270551	\N	f	1	\N	2	\N	\N	Excel	\N	0.00
120	YAA2026000000006	2026-02-28 00:00:00	\N	2	1	37800.00	20.00	7560.00	41580.00	0.00	\N	\N	352	2026-03-25 12:19:27.285538	\N	f	1	\N	2	\N	\N	Excel	\N	0.00
121	EFT2026000000003	2026-02-27 00:00:00	\N	2	1	1875000.00	20.00	375000.00	2250000.00	0.00	\N	\N	316	2026-03-25 12:19:27.293718	\N	f	1	\N	2	\N	\N	Excel	\N	0.00
122	OZT2026000000037	2026-02-28 00:00:00	\N	2	1	20000.00	20.00	4000.00	22000.00	0.00	\N	\N	308	2026-03-25 12:19:27.301539	\N	f	1	\N	2	\N	\N	Excel	\N	0.00
123	FRH2026000000005	2026-03-02 00:00:00	\N	2	1	1875000.00	20.00	375000.00	2250000.00	0.00	\N	\N	315	2026-03-25 12:19:27.307504	\N	f	1	\N	2	\N	\N	Excel	\N	0.00
124	RS22026000000008	2026-02-28 00:00:00	\N	2	1	385250.00	20.00	77050.00	462300.00	0.00	\N	\N	222	2026-03-25 12:19:27.314411	\N	f	1	\N	2	\N	\N	Excel	\N	0.00
125	EKS2026000004361	2026-03-04 00:00:00	\N	2	1	7343.93	20.00	1468.79	8812.72	0.00	\N	\N	353	2026-03-25 12:19:27.328459	\N	f	1	\N	2	\N	\N	Excel	\N	0.00
126	GNG2026000000004	2026-02-28 00:00:00	\N	2	1	102000.00	20.00	20400.00	112200.00	0.00	\N	\N	354	2026-03-25 12:19:27.367005	\N	f	1	\N	2	\N	\N	Excel	\N	0.00
127	IS42026000000006	2026-02-28 00:00:00	\N	2	1	40000.00	20.00	8000.00	44000.00	0.00	\N	\N	355	2026-03-25 12:19:27.386096	\N	f	1	\N	2	\N	\N	Excel	\N	0.00
128	AKT2026000000009	2026-03-02 00:00:00	\N	2	1	2250000.00	20.00	450000.00	2700000.00	0.00	\N	\N	356	2026-03-25 12:19:27.40255	\N	f	1	\N	2	\N	\N	Excel	\N	0.00
129	BIA2026000000004	2026-02-28 00:00:00	\N	2	1	20833.33	20.00	4166.67	25000.00	0.00	\N	\N	357	2026-03-25 12:19:27.418284	\N	f	1	\N	2	\N	\N	Excel	\N	0.00
130	MEF2026000041054	2026-03-01 00:00:00	\N	2	1	3143.60	20.00	241.38	3384.98	0.00	\N	\N	331	2026-03-25 12:19:27.425388	\N	f	1	\N	2	\N	\N	Excel	\N	0.00
131	F042026000000376	2026-03-04 00:00:00	\N	2	1	7503.96	20.00	484.87	7988.76	0.00	\N	\N	358	2026-03-25 12:19:27.437696	\N	f	1	\N	2	\N	\N	Excel	\N	0.00
132	BE72026000000004	2026-02-28 00:00:00	\N	2	1	40000.00	20.00	8000.00	48000.00	0.00	\N	\N	359	2026-03-25 12:19:27.45004	\N	f	1	\N	2	\N	\N	Excel	\N	0.00
133	CVV2026000000004	2026-02-28 00:00:00	\N	2	1	80000.00	20.00	16000.00	88000.00	0.00	\N	\N	314	2026-03-25 12:19:27.455576	\N	f	1	\N	2	\N	\N	Excel	\N	0.00
134	GIB2026000000004	2026-02-28 00:00:00	\N	2	1	40000.00	20.00	8000.00	44000.00	0.00	\N	\N	323	2026-03-25 12:19:27.461862	\N	f	1	\N	2	\N	\N	Excel	\N	0.00
135	FTA2026000000327	2026-02-28 00:00:00	\N	2	1	652060.27	20.00	123956.66	743739.94	0.00	\N	\N	360	2026-03-25 12:19:27.473267	\N	f	1	\N	2	\N	\N	Excel	\N	32276.99
136	FT32026000000004	2026-02-28 00:00:00	\N	2	1	42000.00	20.00	8400.00	46200.00	0.00	\N	\N	361	2026-03-25 12:19:27.487411	\N	f	1	\N	2	\N	\N	Excel	\N	0.00
137	GB32026006982526	2026-02-28 00:00:00	\N	2	1	527.49	20.00	0.00	1017.75	0.00	\N	\N	362	2026-03-25 12:19:27.500196	\N	f	1	\N	2	\N	\N	Excel	\N	2968.44
138	DUM2026000000002	2026-02-28 00:00:00	\N	2	1	384500.00	20.00	76900.00	422950.00	0.00	\N	\N	327	2026-03-25 12:19:27.506569	\N	f	1	\N	2	\N	\N	Excel	\N	0.00
139	ESR2026000000032	2026-03-01 00:00:00	\N	2	1	83333.33	20.00	16666.67	100000.00	0.00	\N	\N	363	2026-03-25 12:19:27.518325	\N	f	1	\N	2	\N	\N	Excel	\N	0.00
140	A162026001332081	2026-02-28 00:00:00	\N	2	1	1510.26	20.00	0.00	620.00	0.00	\N	\N	364	2026-03-25 12:19:27.530809	\N	f	1	\N	2	\N	\N	Excel	\N	445.01
141	3C02026000000052	2026-02-27 00:00:00	\N	2	1	127800.00	20.00	25560.00	153360.00	0.00	\N	\N	306	2026-03-25 12:19:27.536636	\N	f	1	\N	2	\N	\N	Excel	\N	0.00
142	10S2026000001742	2026-03-02 00:00:00	\N	2	1	16593.92	20.00	3318.79	19912.69	0.00	\N	\N	365	2026-03-25 12:19:27.549175	\N	f	1	\N	2	\N	\N	Excel	\N	1332.65
143	EFA2026000000015	2026-02-28 00:00:00	\N	2	1	15750.00	20.00	3150.00	17325.00	0.00	\N	\N	366	2026-03-25 12:19:27.562053	\N	f	1	\N	2	\N	\N	Excel	\N	0.00
144	TKM2026000000075	2026-02-28 00:00:00	\N	2	1	232000.00	20.00	46400.00	255200.00	0.00	\N	\N	367	2026-03-25 12:19:27.575104	\N	f	1	\N	2	\N	\N	Excel	\N	0.00
145	YKB2026000433583	2026-02-26 00:00:00	\N	2	1	294.19	20.00	58.84	353.03	0.00	\N	\N	368	2026-03-25 12:19:27.588891	\N	f	1	\N	2	\N	\N	Excel	\N	0.00
146	C142026000001920	2026-02-27 00:00:00	\N	2	1	2420118.36	20.00	503384.62	3020307.71	0.00	\N	\N	369	2026-03-25 12:19:27.604007	\N	f	1	\N	2	\N	\N	Excel	\N	0.00
147	C142026000001902	2026-02-27 00:00:00	\N	2	1	2420118.36	20.00	503384.62	3020307.71	0.00	\N	\N	369	2026-03-25 12:19:27.609731	\N	f	1	\N	2	\N	\N	Excel	\N	0.00
148	ES02026000353884	2026-02-27 00:00:00	\N	2	1	1446.21	20.00	0.00	1790.00	0.00	\N	\N	370	2026-03-25 12:19:27.624424	\N	f	1	\N	2	\N	\N	Excel	\N	0.00
149	ES02026000353829	2026-02-27 00:00:00	\N	2	1	146.18	20.00	0.00	175.00	0.00	\N	\N	370	2026-03-25 12:19:27.630549	\N	f	1	\N	2	\N	\N	Excel	\N	0.00
150	TMS2026000000296	2026-02-25 00:00:00	\N	2	1	2083.33	20.00	416.67	2500.00	0.00	\N	\N	371	2026-03-25 12:19:27.645087	\N	f	1	\N	2	\N	\N	Excel	\N	0.00
151	3C02026000000045	2026-02-25 00:00:00	\N	2	1	83650.00	20.00	16730.00	100380.00	0.00	\N	\N	306	2026-03-25 12:19:27.651565	\N	f	1	\N	2	\N	\N	Excel	\N	0.00
152	AAA2026000409789	2026-02-25 00:00:00	\N	2	1	215.46	20.00	0.00	258.55	0.00	\N	\N	372	2026-03-25 12:19:27.664957	\N	f	1	\N	2	\N	\N	Excel	\N	0.00
153	ADM2026000000004	2026-02-25 00:00:00	\N	2	1	1541666.67	20.00	308333.33	1850000.00	0.00	\N	\N	320	2026-03-25 12:19:27.671056	\N	f	1	\N	2	\N	\N	Excel	\N	0.00
154	ARF2026000000006	2026-02-25 00:00:00	\N	2	1	1458333.33	20.00	291666.67	1750000.00	0.00	\N	\N	318	2026-03-25 12:19:27.678115	\N	f	1	\N	2	\N	\N	Excel	\N	0.00
155	M072026000013103	2026-02-24 00:00:00	\N	2	1	2862.86	20.00	572.57	3435.43	0.00	\N	\N	373	2026-03-25 12:19:27.691208	\N	f	1	\N	2	\N	\N	Excel	\N	390.39
156	AAA2026000398645	2026-02-24 00:00:00	\N	2	1	215.46	20.00	0.00	258.55	0.00	\N	\N	372	2026-03-25 12:19:27.696655	\N	f	1	\N	2	\N	\N	Excel	\N	0.00
157	ANF2026000030935	2026-02-23 00:00:00	\N	2	1	4088.33	20.00	817.67	4906.00	0.00	\N	\N	332	2026-03-25 12:19:27.702035	\N	f	1	\N	2	\N	\N	Excel	\N	0.00
158	YSR2026000000003	2026-02-23 00:00:00	\N	2	1	1458333.33	20.00	291666.67	1750000.00	0.00	\N	\N	322	2026-03-25 12:19:27.70825	\N	f	1	\N	2	\N	\N	Excel	\N	0.00
159	ANF2026000030476	2026-02-21 00:00:00	\N	2	1	4088.33	20.00	817.67	4906.00	0.00	\N	\N	332	2026-03-25 12:19:27.714667	\N	f	1	\N	2	\N	\N	Excel	\N	0.00
160	ANF2026000030477	2026-02-21 00:00:00	\N	2	1	4088.33	20.00	817.67	4906.00	0.00	\N	\N	332	2026-03-25 12:19:27.720265	\N	f	1	\N	2	\N	\N	Excel	\N	0.00
161	EFS2026000000152	2026-02-21 00:00:00	\N	2	1	4500.00	20.00	900.00	5400.00	0.00	\N	\N	374	2026-03-25 12:19:27.733883	\N	f	1	\N	2	\N	\N	Excel	\N	0.00
162	AE02026000902259	2026-02-20 00:00:00	\N	2	1	376.41	20.00	9.15	376.41	0.00	\N	\N	338	2026-03-25 12:19:27.739718	\N	f	1	\N	2	\N	\N	Excel	\N	0.00
163	ANF2026000029602	2026-02-19 00:00:00	\N	2	1	4088.33	20.00	817.67	4906.00	0.00	\N	\N	332	2026-03-25 12:19:27.747271	\N	f	1	\N	2	\N	\N	Excel	\N	0.00
164	AAB2026000054136	2026-02-18 00:00:00	\N	2	1	215.46	20.00	0.00	258.55	0.00	\N	\N	372	2026-03-25 12:19:27.753226	\N	f	1	\N	2	\N	\N	Excel	\N	0.00
165	EFT2026000000009	2026-02-19 00:00:00	\N	2	1	33333.33	20.00	6666.67	40000.00	0.00	\N	\N	337	2026-03-25 12:19:27.758714	\N	f	1	\N	2	\N	\N	Excel	\N	0.00
166	EFT2026000000010	2026-02-18 00:00:00	\N	2	1	33333.33	20.00	6666.67	40000.00	0.00	\N	\N	337	2026-03-25 12:19:27.764391	\N	f	1	\N	2	\N	\N	Excel	\N	0.00
167	EFT2026000000007	2026-02-18 00:00:00	\N	2	1	33333.33	20.00	6666.67	40000.00	0.00	\N	\N	337	2026-03-25 12:19:27.769304	\N	f	1	\N	2	\N	\N	Excel	\N	0.00
168	EFT2026000000008	2026-02-18 00:00:00	\N	2	1	33333.33	20.00	6666.67	40000.00	0.00	\N	\N	337	2026-03-25 12:19:27.775443	\N	f	1	\N	2	\N	\N	Excel	\N	0.00
169	EFT2026000000006	2026-02-18 00:00:00	\N	2	1	33333.33	20.00	6666.67	40000.00	0.00	\N	\N	337	2026-03-25 12:19:27.781275	\N	f	1	\N	2	\N	\N	Excel	\N	0.00
170	EFT2026000000005	2026-02-18 00:00:00	\N	2	1	33333.33	20.00	6666.67	40000.00	0.00	\N	\N	337	2026-03-25 12:19:27.787097	\N	f	1	\N	2	\N	\N	Excel	\N	0.00
171	EFT2026000000004	2026-02-18 00:00:00	\N	2	1	33333.33	20.00	6666.67	40000.00	0.00	\N	\N	337	2026-03-25 12:19:27.792691	\N	f	1	\N	2	\N	\N	Excel	\N	0.00
172	ANF2026000027592	2026-02-17 00:00:00	\N	2	1	4088.33	20.00	817.67	4906.00	0.00	\N	\N	332	2026-03-25 12:19:27.79834	\N	f	1	\N	2	\N	\N	Excel	\N	0.00
173	ANF2026000027591	2026-02-17 00:00:00	\N	2	1	4088.33	20.00	817.67	4906.00	0.00	\N	\N	332	2026-03-25 12:19:27.804121	\N	f	1	\N	2	\N	\N	Excel	\N	0.00
174	ANF2026000027589	2026-02-17 00:00:00	\N	2	1	4088.33	20.00	817.67	4906.00	0.00	\N	\N	332	2026-03-25 12:19:27.810244	\N	f	1	\N	2	\N	\N	Excel	\N	0.00
175	ANK2026000000013	2026-02-17 00:00:00	\N	2	1	48181.82	20.00	4818.18	53000.00	0.00	\N	\N	375	2026-03-25 12:19:27.824304	\N	f	1	\N	2	\N	\N	Excel	\N	0.00
176	NEV2026234000635	2026-02-16 00:00:00	\N	2	1	6458.90	20.00	163.04	6621.95	0.00	\N	\N	334	2026-03-25 12:19:27.8318	\N	f	1	\N	2	\N	\N	Excel	\N	0.00
177	AKE2026000000002	2026-01-31 00:00:00	\N	2	1	366175.00	20.00	73235.00	402792.50	0.00	\N	\N	376	2026-03-25 12:19:27.846843	\N	f	1	\N	2	\N	\N	Excel	\N	0.00
178	K092026000000097	2026-02-13 00:00:00	\N	2	1	3058.41	20.00	30.89	3089.30	0.00	\N	\N	335	2026-03-25 12:19:27.853727	\N	f	1	\N	2	\N	\N	Excel	\N	0.00
179	M072026000010530	2026-02-12 00:00:00	\N	2	1	6100.56	20.00	1220.11	7320.67	0.00	\N	\N	373	2026-03-25 12:19:27.862442	\N	f	1	\N	2	\N	\N	Excel	\N	831.89
180	TMS2026000000227	2026-02-11 00:00:00	\N	2	1	11666.67	20.00	2333.33	14000.00	0.00	\N	\N	371	2026-03-25 12:19:27.868368	\N	f	1	\N	2	\N	\N	Excel	\N	0.00
181	TE12026000478450	2026-02-11 00:00:00	\N	2	1	37499.17	20.00	7499.83	44999.00	0.00	\N	\N	377	2026-03-25 12:19:27.883114	\N	f	1	\N	2	\N	\N	Excel	\N	0.00
182	L402026000000034	2026-02-11 00:00:00	\N	2	1	869.65	20.00	8.69	878.34	0.00	\N	\N	335	2026-03-25 12:19:27.888325	\N	f	1	\N	2	\N	\N	Excel	\N	0.00
183	GIB2026000000002	2026-01-31 00:00:00	\N	2	1	44000.00	20.00	8800.00	48400.00	0.00	\N	\N	323	2026-03-25 12:19:27.895163	\N	f	1	\N	2	\N	\N	Excel	\N	0.00
184	IS72026000000004	2026-01-31 00:00:00	\N	2	1	52500.00	20.00	10500.00	57750.00	0.00	\N	\N	355	2026-03-25 12:19:27.901562	\N	f	1	\N	2	\N	\N	Excel	\N	0.00
185	K922026000000208	2026-02-09 00:00:00	\N	2	1	9655.19	20.00	428.34	10083.63	0.00	\N	\N	378	2026-03-25 12:19:27.91599	\N	f	1	\N	2	\N	\N	Excel	\N	0.00
186	AYH2026000000002	2026-01-31 00:00:00	\N	2	1	220500.00	20.00	44100.00	242550.00	0.00	\N	\N	349	2026-03-25 12:19:27.921824	\N	f	1	\N	2	\N	\N	Excel	\N	0.00
187	SUR2026000000011	2026-01-31 00:00:00	\N	2	1	47250.00	20.00	9450.00	51975.00	0.00	\N	\N	350	2026-03-25 12:19:27.927783	\N	f	1	\N	2	\N	\N	Excel	\N	0.00
188	NEV2026208000666	2026-02-07 00:00:00	\N	2	1	1729.29	20.00	17.77	1747.05	0.00	\N	\N	334	2026-03-25 12:19:27.934185	\N	f	1	\N	2	\N	\N	Excel	\N	0.00
189	HAS2026000000011	2026-01-31 00:00:00	\N	2	1	16666.67	20.00	3333.33	20000.00	0.00	\N	\N	341	2026-03-25 12:19:27.940242	\N	f	1	\N	2	\N	\N	Excel	\N	0.00
190	SAT2026000000002	2026-01-31 00:00:00	\N	2	1	33600.00	20.00	6720.00	36960.00	0.00	\N	\N	346	2026-03-25 12:19:27.94577	\N	f	1	\N	2	\N	\N	Excel	\N	0.00
191	GKN2026000000002	2026-01-31 00:00:00	\N	2	1	155050.00	20.00	31010.00	170555.00	0.00	\N	\N	340	2026-03-25 12:19:27.952583	\N	f	1	\N	2	\N	\N	Excel	\N	0.00
192	UCR2026000000003	2026-01-31 00:00:00	\N	2	1	107100.00	20.00	21420.00	117810.00	0.00	\N	\N	379	2026-03-25 12:19:27.97147	\N	f	1	\N	2	\N	\N	Excel	\N	0.00
193	KUK2026000000002	2026-01-31 00:00:00	\N	2	1	367000.00	20.00	73400.00	403700.00	0.00	\N	\N	347	2026-03-25 12:19:27.978308	\N	f	1	\N	2	\N	\N	Excel	\N	0.00
194	GNG2026000000002	2026-01-31 00:00:00	\N	2	1	107100.00	20.00	21420.00	117810.00	0.00	\N	\N	354	2026-03-25 12:19:27.98686	\N	f	1	\N	2	\N	\N	Excel	\N	0.00
195	BKR2026000000001	2026-01-31 00:00:00	\N	2	1	37800.00	20.00	7560.00	41580.00	0.00	\N	\N	328	2026-03-25 12:19:27.993787	\N	f	1	\N	2	\N	\N	Excel	\N	0.00
196	CSN2026000000015	2026-01-31 00:00:00	\N	2	1	30800.00	20.00	6160.00	36960.00	0.00	\N	\N	324	2026-03-25 12:19:28.0016	\N	f	1	\N	2	\N	\N	Excel	\N	0.00
197	EVL2026000000003	2026-01-31 00:00:00	\N	2	1	156450.00	20.00	31290.00	172095.00	0.00	\N	\N	343	2026-03-25 12:19:28.009792	\N	f	1	\N	2	\N	\N	Excel	\N	0.00
198	HAS2026000000007	2026-01-31 00:00:00	\N	2	1	151200.00	20.00	30240.00	166320.00	0.00	\N	\N	341	2026-03-25 12:19:28.016627	\N	f	1	\N	2	\N	\N	Excel	\N	0.00
199	HCD2026000000006	2026-02-07 00:00:00	\N	2	1	13000.00	20.00	2600.00	15080.00	0.00	\N	\N	380	2026-03-25 12:19:28.031414	\N	f	1	\N	2	\N	\N	Excel	\N	0.00
200	AOY2026000000004	2026-01-31 00:00:00	\N	2	1	37800.00	20.00	7560.00	41580.00	0.00	\N	\N	348	2026-03-25 12:19:28.038657	\N	f	1	\N	2	\N	\N	Excel	\N	0.00
201	OZT2026000000023	2026-01-31 00:00:00	\N	2	1	36000.00	20.00	7200.00	39600.00	0.00	\N	\N	308	2026-03-25 12:19:28.048007	\N	f	1	\N	2	\N	\N	Excel	\N	0.00
202	GID2026000000003	2026-01-31 00:00:00	\N	2	1	31500.00	20.00	6300.00	34650.00	0.00	\N	\N	325	2026-03-25 12:19:28.056333	\N	f	1	\N	2	\N	\N	Excel	\N	0.00
203	YAA2026000000004	2026-01-31 00:00:00	\N	2	1	41850.00	20.00	8370.00	46035.00	0.00	\N	\N	352	2026-03-25 12:19:28.063698	\N	f	1	\N	2	\N	\N	Excel	\N	0.00
204	FT62026000000002	2026-01-31 00:00:00	\N	2	1	44100.00	20.00	8820.00	48510.00	0.00	\N	\N	361	2026-03-25 12:19:28.071239	\N	f	1	\N	2	\N	\N	Excel	\N	0.00
205	AN22026000000022	2026-01-31 00:00:00	\N	2	1	65000.00	20.00	13000.00	78000.00	0.00	\N	\N	326	2026-03-25 12:19:28.0827	\N	f	1	\N	2	\N	\N	Excel	\N	0.00
206	MEF2026000021149	2026-02-01 00:00:00	\N	2	1	1920.23	20.00	82.50	2002.73	0.00	\N	\N	331	2026-03-25 12:19:28.096502	\N	f	1	\N	2	\N	\N	Excel	\N	0.00
207	RIZ2026000000003	2026-01-31 00:00:00	\N	2	1	44100.00	20.00	8820.00	48510.00	0.00	\N	\N	342	2026-03-25 12:19:28.104389	\N	f	1	\N	2	\N	\N	Excel	\N	0.00
208	EKO2026000000002	2026-01-31 00:00:00	\N	2	1	77250.00	20.00	15450.00	84975.00	0.00	\N	\N	344	2026-03-25 12:19:28.11388	\N	f	1	\N	2	\N	\N	Excel	\N	0.00
209	DUM2026000000001	2026-01-30 00:00:00	\N	2	1	399000.00	20.00	79800.00	438900.00	0.00	\N	\N	327	2026-03-25 12:19:28.123274	\N	f	1	\N	2	\N	\N	Excel	\N	0.00
210	CVV2026000000001	2026-01-31 00:00:00	\N	2	1	84000.00	20.00	16800.00	92400.00	0.00	\N	\N	314	2026-03-25 12:19:28.131502	\N	f	1	\N	2	\N	\N	Excel	\N	0.00
211	A162026000091248	2026-01-31 00:00:00	\N	2	1	1582.26	20.00	0.00	692.00	0.00	\N	\N	364	2026-03-25 12:19:28.138642	\N	f	1	\N	2	\N	\N	Excel	\N	445.01
212	BEF2026000000005	2026-01-31 00:00:00	\N	2	1	50000.00	20.00	10000.00	60000.00	0.00	\N	\N	359	2026-03-25 12:19:28.14557	\N	f	1	\N	2	\N	\N	Excel	\N	0.00
213	AE02026000587355	2026-02-04 00:00:00	\N	2	1	184.50	20.00	1.83	184.50	0.00	\N	\N	338	2026-03-25 12:19:28.151934	\N	f	1	\N	2	\N	\N	Excel	\N	0.00
214	PR12026000000017	2026-02-04 00:00:00	\N	2	1	12499.99	20.00	2500.01	15000.00	0.00	\N	\N	381	2026-03-25 12:19:28.168766	\N	f	1	\N	2	\N	\N	Excel	\N	0.00
215	PR12026000000016	2026-02-04 00:00:00	\N	2	1	62500.00	20.00	12500.00	75000.00	0.00	\N	\N	381	2026-03-25 12:19:28.17613	\N	f	1	\N	2	\N	\N	Excel	\N	0.00
216	ANF2026000019556	2026-02-03 00:00:00	\N	2	1	2740.00	20.00	548.00	3288.00	0.00	\N	\N	332	2026-03-25 12:19:28.182926	\N	f	1	\N	2	\N	\N	Excel	\N	0.00
217	FTA2026000000149	2026-01-31 00:00:00	\N	2	1	614316.34	20.00	116781.54	700689.22	0.00	\N	\N	360	2026-03-25 12:19:28.189146	\N	f	1	\N	2	\N	\N	Excel	\N	30408.66
218	ESR2026000000018	2026-02-01 00:00:00	\N	2	1	83333.33	20.00	16666.67	100000.00	0.00	\N	\N	363	2026-03-25 12:19:28.196429	\N	f	1	\N	2	\N	\N	Excel	\N	0.00
219	GB32026006882195	2026-01-31 00:00:00	\N	2	1	527.54	20.00	0.00	1018.00	0.00	\N	\N	362	2026-03-25 12:19:28.202477	\N	f	1	\N	2	\N	\N	Excel	\N	2968.44
220	EFA2026000000009	2026-01-31 00:00:00	\N	2	1	37000.00	20.00	7400.00	40700.00	0.00	\N	\N	366	2026-03-25 12:19:28.208882	\N	f	1	\N	2	\N	\N	Excel	\N	0.00
221	HKN2026000000003	2026-01-31 00:00:00	\N	2	1	55000.00	20.00	11000.00	66000.00	0.00	\N	\N	339	2026-03-25 12:19:28.216041	\N	f	1	\N	2	\N	\N	Excel	\N	0.00
222	SH22026000063705	2026-02-01 00:00:00	\N	2	1	11470.64	20.00	2294.13	13764.77	0.00	\N	\N	351	2026-03-25 12:19:28.223873	\N	f	1	\N	2	\N	\N	Excel	\N	0.00
223	SFT2026000000009	2026-02-03 00:00:00	\N	2	1	10500.00	20.00	2100.00	12600.00	0.00	\N	\N	333	2026-03-25 12:19:28.230416	\N	f	1	\N	2	\N	\N	Excel	\N	0.00
224	RSB2026000000004	2026-01-31 00:00:00	\N	2	1	397350.00	20.00	79470.00	476820.00	0.00	\N	\N	222	2026-03-25 12:19:28.23813	\N	f	1	\N	2	\N	\N	Excel	\N	0.00
225	NEV2026219001174	2026-01-31 00:00:00	\N	2	1	3651.01	20.00	86.46	3737.48	0.00	\N	\N	334	2026-03-25 12:19:28.244502	\N	f	1	\N	2	\N	\N	Excel	\N	0.00
226	TKM2026000000030	2026-01-31 00:00:00	\N	2	1	243600.00	20.00	48720.00	267960.00	0.00	\N	\N	367	2026-03-25 12:19:28.256416	\N	f	1	\N	2	\N	\N	Excel	\N	0.00
227	L372026000000019	2026-02-01 00:00:00	\N	2	1	519.80	20.00	5.20	525.00	0.00	\N	\N	335	2026-03-25 12:19:28.264294	\N	f	1	\N	2	\N	\N	Excel	\N	0.00
228	ZF02026000107787	2026-02-01 00:00:00	\N	2	1	407.52	20.00	4.03	407.52	0.00	\N	\N	382	2026-03-25 12:19:28.284375	\N	f	1	\N	2	\N	\N	Excel	\N	0.00
229	A4E2026000000204	2026-01-30 00:00:00	\N	2	1	1655.71	20.00	192.09	1847.79	0.00	\N	\N	383	2026-03-25 12:19:28.300566	\N	f	1	\N	2	\N	\N	Excel	\N	0.00
230	DNC2026000000080	2026-01-24 00:00:00	\N	2	1	2633.33	20.00	526.67	3155.00	0.00	\N	\N	384	2026-03-25 12:19:28.317814	\N	f	1	\N	2	\N	\N	Excel	\N	456.75
231	DTF2026000000014	2026-01-23 00:00:00	\N	2	1	1250000.00	20.00	250000.00	1500000.00	0.00	\N	\N	319	2026-03-25 12:19:28.326493	\N	f	1	\N	2	\N	\N	Excel	\N	0.00
232	AF02026000537325	2026-01-28 00:00:00	\N	2	1	242.55	20.00	12.44	242.55	0.00	\N	\N	338	2026-03-25 12:19:28.333813	\N	f	1	\N	2	\N	\N	Excel	\N	0.00
233	ES02026000176685	2026-01-28 00:00:00	\N	2	1	35.36	20.00	0.00	35.36	0.00	\N	\N	370	2026-03-25 12:19:28.341957	\N	f	1	\N	2	\N	\N	Excel	\N	0.00
234	NEV2026208000462	2026-01-26 00:00:00	\N	2	1	3678.91	20.00	141.41	3820.30	0.00	\N	\N	334	2026-03-25 12:19:28.350624	\N	f	1	\N	2	\N	\N	Excel	\N	0.00
235	EF02026000003731	2026-01-26 00:00:00	\N	2	1	1744.51	20.00	348.90	2093.41	0.00	\N	\N	385	2026-03-25 12:19:28.366036	\N	f	1	\N	2	\N	\N	Excel	\N	640.37
236	ES02026000170854	2026-01-26 00:00:00	\N	2	1	1833.65	20.00	0.00	2260.00	0.00	\N	\N	370	2026-03-25 12:19:28.373284	\N	f	1	\N	2	\N	\N	Excel	\N	0.00
237	EF12026000008882	2026-01-25 00:00:00	\N	2	1	2287.99	20.00	195.96	2287.99	0.00	\N	\N	386	2026-03-25 12:19:28.389659	\N	f	1	\N	2	\N	\N	Excel	\N	0.00
238	NEV2026207000523	2026-01-24 00:00:00	\N	2	1	1656.61	20.00	40.72	1697.34	0.00	\N	\N	334	2026-03-25 12:19:28.399091	\N	f	1	\N	2	\N	\N	Excel	\N	0.00
239	M072026000005561	2026-01-23 00:00:00	\N	2	1	4676.88	20.00	935.38	5612.26	0.00	\N	\N	373	2026-03-25 12:19:28.408687	\N	f	1	\N	2	\N	\N	Excel	\N	246.15
240	A4E2026000000130	2026-01-20 00:00:00	\N	2	1	630.38	20.00	83.02	713.41	0.00	\N	\N	383	2026-03-25 12:19:28.416326	\N	f	1	\N	2	\N	\N	Excel	\N	0.00
241	MEF2026000011615	2026-01-18 00:00:00	\N	2	1	1145.00	20.00	11.92	1156.92	0.00	\N	\N	331	2026-03-25 12:19:28.425236	\N	f	1	\N	2	\N	\N	Excel	\N	0.00
242	L372026000000012	2026-01-18 00:00:00	\N	2	1	1479.25	20.00	14.80	1494.04	0.00	\N	\N	335	2026-03-25 12:19:28.432522	\N	f	1	\N	2	\N	\N	Excel	\N	0.00
243	AF02026000340259	2026-01-18 00:00:00	\N	2	1	219.25	20.00	2.33	219.25	0.00	\N	\N	338	2026-03-25 12:19:28.440119	\N	f	1	\N	2	\N	\N	Excel	\N	0.00
244	NEV2026219000553	2026-01-16 00:00:00	\N	2	1	2859.61	20.00	138.44	2998.07	0.00	\N	\N	334	2026-03-25 12:19:28.446701	\N	f	1	\N	2	\N	\N	Excel	\N	0.00
245	EFA2026000000040	2026-01-15 00:00:00	\N	2	1	1333.33	20.00	266.67	1600.00	0.00	\N	\N	387	2026-03-25 12:19:28.462179	\N	f	1	\N	2	\N	\N	Excel	\N	0.00
246	F112026000000102	2026-01-13 00:00:00	\N	2	1	8214.67	20.00	427.13	8641.72	0.00	\N	\N	358	2026-03-25 12:19:28.470549	\N	f	1	\N	2	\N	\N	Excel	\N	0.00
247	AL02026000000008	2026-01-12 00:00:00	\N	2	1	4083.50	20.00	816.70	4900.20	0.00	\N	\N	388	2026-03-25 12:19:28.485534	\N	f	1	\N	2	\N	\N	Excel	\N	0.00
248	NEV2026216000125	2026-01-07 00:00:00	\N	2	1	2473.39	20.00	45.85	2519.25	0.00	\N	\N	334	2026-03-25 12:19:28.492467	\N	f	1	\N	2	\N	\N	Excel	\N	0.00
249	E082026000000102	2026-01-07 00:00:00	\N	2	1	325.18	20.00	38.02	363.20	0.00	\N	\N	389	2026-03-25 12:19:28.508279	\N	f	1	\N	2	\N	\N	Excel	\N	0.00
250	MEF2026000002322	2026-01-04 00:00:00	\N	2	1	4039.59	20.00	155.01	4194.60	0.00	\N	\N	331	2026-03-25 12:19:28.516455	\N	f	1	\N	2	\N	\N	Excel	\N	0.00
251	NEV2026236000024	2026-01-03 00:00:00	\N	2	1	5011.56	20.00	77.33	5088.93	0.00	\N	\N	334	2026-03-25 12:19:28.523761	\N	f	1	\N	2	\N	\N	Excel	\N	0.00
252	L372026000000001	2026-01-04 00:00:00	\N	2	1	1308.81	20.00	13.17	1321.97	0.00	\N	\N	335	2026-03-25 12:19:28.532501	\N	f	1	\N	2	\N	\N	Excel	\N	0.00
253	DUR2026000000008	2026-01-03 00:00:00	\N	2	1	10666.67	20.00	2133.33	12800.00	0.00	\N	\N	390	2026-03-25 12:19:28.549989	\N	f	1	\N	2	\N	\N	Excel	\N	0.00
254	SH22026000003486	2026-01-01 00:00:00	\N	2	1	11133.14	20.00	2226.63	13359.77	0.00	\N	\N	351	2026-03-25 12:19:28.559085	\N	f	1	\N	2	\N	\N	Excel	\N	0.00
255	CRT2026000000025	2026-01-03 00:00:00	\N	2	1	1091.67	20.00	218.33	1310.00	0.00	\N	\N	391	2026-03-25 12:19:28.576951	\N	f	1	\N	2	\N	\N	Excel	\N	0.00
256	BYL2026000000001	2026-01-02 00:00:00	\N	2	1	30000.00	20.00	6000.00	36000.00	0.00	\N	\N	392	2026-03-25 12:19:28.595098	\N	f	1	\N	2	\N	\N	Excel	\N	0.00
257	TM02026000000002	2026-01-02 00:00:00	\N	2	1	15000.00	20.00	3000.00	18000.00	0.00	\N	\N	393	2026-03-25 12:19:28.630482	\N	f	1	\N	2	\N	\N	Excel	\N	0.00
\.


--
-- Data for Name: Firmalar; Type: TABLE DATA; Schema: public; Owner: postgres
--

COPY public."Firmalar" ("Id", "FirmaKodu", "FirmaAdi", "UnvanTam", "VergiNo", "VergiDairesi", "Adres", "Il", "Ilce", "Telefon", "Email", "WebSite", "Logo", "Aktif", "VarsayilanFirma", "SiraNo", "AktifDonemYil", "AktifDonemAy", "CreatedAt", "UpdatedAt", "IsDeleted") FROM stdin;
1	USTUN Grup	Ustun Grup	Üstün Grup	\N	\N	\N	\N	\N	\N	\N	\N	\N	t	t	0	2026	3	2026-03-23 23:48:35.000679	\N	f
3	RECEPUSTUN	RecepUstun	RECEP ÜSTÜN	\N	\N	\N	\N	\N	\N	\N	\N	\N	t	f	0	2026	3	2026-03-24 08:34:20.644129	\N	f
5	USTUNFILO	USTUNFILO 	ÜSTÜN FİLO SERVİS	\N	\N	\N	\N	\N	\N	\N	\N	\N	t	f	0	2026	3	2026-03-24 08:36:52.354598	\N	f
\.


--
-- Data for Name: Guzergahlar; Type: TABLE DATA; Schema: public; Owner: postgres
--

COPY public."Guzergahlar" ("Id", "GuzergahKodu", "GuzergahAdi", "BaslangicNoktasi", "BitisNoktasi", "BirimFiyat", "Mesafe", "TahminiSure", "Aktif", "Notlar", "CariId", "CreatedAt", "UpdatedAt", "IsDeleted") FROM stdin;
\.


--
-- Data for Name: Hatirlaticilar; Type: TABLE DATA; Schema: public; Owner: postgres
--

COPY public."Hatirlaticilar" ("Id", "KullaniciId", "Baslik", "Aciklama", "HatirlatmaTarihi", "HatirlatmaSaati", "Tekrar", "Oncelik", "Durum", "UygulamaIciBildirim", "MailBildirim", "CariId", "FaturaId", "TamamlanmaTarihi", "Notlar", "CreatedAt", "UpdatedAt", "IsDeleted") FROM stdin;
\.


--
-- Data for Name: KullaniciBildirimleri; Type: TABLE DATA; Schema: public; Owner: postgres
--

COPY public."KullaniciBildirimleri" ("Id", "KullaniciId", "Baslik", "Mesaj", "Tip", "Link", "OlusturmaTarihi", "Okundu", "OkunmaTarihi", "IliskiliTablo", "IliskiliId", "CreatedAt", "UpdatedAt", "IsDeleted") FROM stdin;
\.


--
-- Data for Name: KullaniciCariler; Type: TABLE DATA; Schema: public; Owner: postgres
--

COPY public."KullaniciCariler" ("Id", "KullaniciId", "CariId", "EkstreGorebilir", "FaturaGorebilir", "OdemeYapabilir", "DuzenlemeYapabilir", "Tip", "Not", "CreatedAt", "UpdatedAt", "IsDeleted") FROM stdin;
\.


--
-- Data for Name: KullaniciCarileri; Type: TABLE DATA; Schema: public; Owner: postgres
--

COPY public."KullaniciCarileri" ("Id", "KullaniciId", "CariId", "Yetki", "AtayanKullaniciId", "AtanmaTarihi", "Notlar", "CreatedAt", "UpdatedAt", "IsDeleted") FROM stdin;
\.


--
-- Data for Name: KullaniciMesajlari; Type: TABLE DATA; Schema: public; Owner: postgres
--

COPY public."KullaniciMesajlari" ("Id", "GonderenId", "AliciId", "Mesaj", "GonderimTarihi", "OkunmaTarihi", "Okundu", "DosyaYolu", "DosyaAdi", "Tip", "CreatedAt", "UpdatedAt", "IsDeleted") FROM stdin;
1	4	2	huuu	2026-03-26 12:59:40.135078	\N	f	\N	\N	0	2026-03-26 12:59:40.134194	\N	f
\.


--
-- Data for Name: KullaniciOturumlari; Type: TABLE DATA; Schema: public; Owner: postgres
--

COPY public."KullaniciOturumlari" ("Id", "KullaniciId", "OturumAnahtari", "GirisZamani", "CikisZamani", "SonAktiviteZamani", "IpAdresi", "MakineAdi", "Tarayici", "Aktif", "OturumSuresi", "IsDeleted", "CreatedAt", "UpdatedAt") FROM stdin;
\.


--
-- Data for Name: Kullanicilar; Type: TABLE DATA; Schema: public; Owner: postgres
--

COPY public."Kullanicilar" ("Id", "KullaniciAdi", "SifreHash", "AdSoyad", "Email", "Telefon", "SoforId", "RolId", "Aktif", "SonGirisTarihi", "BasarisizGirisSayisi", "Kilitli", "Tema", "KompaktMod", "CreatedAt", "UpdatedAt", "IsDeleted") FROM stdin;
1	admin	nLF6eZc/Atk5aWriy0Tbtj4dDooFhgXIcIb/V08K8FQ=	Sistem Yoneticisi	\N	\N	\N	1	t	2026-03-27 08:07:06.243073	0	f	Default	f	2026-03-23 23:48:25.570663	2026-03-27 08:07:06.248347	f
8	sofor1	XGbk964IA80FbEAKh1X4crBFkNWxZPpzmrTAeik59/Y=	Ahmet Yilmaz (Sofor)	\N	\N	\N	7	t	\N	3	f	Default	f	2026-03-26 16:32:16.304961	2026-03-26 18:55:07.409154	f
5	muhasebe	7xaRAdu4VHZLcO29ZRK/XtLyPj0bGoOI35n78NYUzi0=	Muhasebe Kullanici	\N	\N	\N	3	t	2026-03-26 21:30:58.808822	0	f	Default	f	2026-03-26 11:48:27.675974	2026-03-26 21:30:58.809803	f
9	sofor2	XGbk964IA80FbEAKh1X4crBFkNWxZPpzmrTAeik59/Y=	Mehmet Demir (Sofor)	\N	\N	\N	7	t	\N	0	f	Default	f	2026-03-26 16:32:16.334577	\N	f
2	test	7xaRAdu4VHZLcO29ZRK/XtLyPj0bGoOI35n78NYUzi0=	Test Kullanici	\N	\N	\N	1	t	2026-03-27 10:34:27.20833	0	f	Default	f	2026-03-23 23:48:25.625577	2026-03-27 10:34:27.215414	f
3	operasyon	aSkiKUXbIC8A3AvkiCklf6DKOCJnjDckhwdKI3lYMOc=	recep bey	\N	\N	\N	4	t	\N	0	f	Default	f	2026-03-26 10:26:51.258897	2026-03-26 11:48:27.987868	f
6	satis	5LfnwbRwjky+i8ABLo2d8TGptLMbs/CqF3mZhMAsoAI=	Satis Temsilcisi	\N	\N	\N	5	t	\N	0	f	Default	f	2026-03-26 11:48:27.91334	\N	f
7	kullanici	QA9yZpQ8iL78Okle2Qa/dH8hkdUKsJPhmOF/ot7B5cc=	Genel Kullanici	\N	\N	\N	2	t	\N	0	f	Default	f	2026-03-26 11:48:27.924793	\N	f
4	sofor	7xaRAdu4VHZLcO29ZRK/XtLyPj0bGoOI35n78NYUzi0=	recep bey sofor	\N	\N	\N	7	t	2026-03-27 07:17:24.271912	0	f	Default	f	2026-03-26 10:27:30.738372	2026-03-27 07:17:24.272631	f
\.


--
-- Data for Name: Lisanslar; Type: TABLE DATA; Schema: public; Owner: postgres
--

COPY public."Lisanslar" ("Id", "LisansAnahtari", "Tur", "BaslangicTarihi", "BitisTarihi", "FirmaAdi", "YetkiliKisi", "Email", "Telefon", "MakineKodu", "MaxKullaniciSayisi", "ExcelExportIzni", "PdfExportIzni", "RaporlamaIzni", "YedeklemeIzni", "MuhasebeIzni", "SatisModuluIzni", "Imza", "CreatedAt", "UpdatedAt", "IsDeleted") FROM stdin;
1	TRIAL-5227-670C-FDEB	0	2026-03-23 23:48:25.647488	2026-04-22 23:48:25.647518	\N	\N	\N	\N	0yYFJ54Hp4pNr2CD	5	t	t	t	t	t	t	\N	2026-03-23 23:48:25.648614	\N	f
2	s2uCl12YfJXDAzURKNqoyV/8qFad4ELcI2DlKfjn1ivHrgvVvPidMjJJwDx9/wNIG9Yvza0iJdN9uGYGyJoYTzdnk9Ql1HBnr04Vb2HDpcqaZr6ATLlu/KHgPmeGTkdYTnGpBvLdj7r/Z9fZ/avBeF/HE66dYWe3APKDGiq2VCFiueJJFs++OeMuX9wIwKpU/XUiL1coMlV8lZUEAARGsGRIj7mBeuu/ocDa7Pdhw9y85mJe/Y8+lCbbY9Obwwvufz6cTjYZ7dh0xcTxoJlUC3MITRcaYRH1QCVgV5kekneBy2LUsX4n4TM+1V/y4316aALSB3k2RnzU4zP7DGNDN6okwG+7Bswqau1IVBUnXlZtc/2CyKlkd2/7fnFcXXcJHPhsQhIXMvIWSId28iVMJzCG/eIEqCP4qKkOvaUWaH8xUQGC5oVxaXNKc/3P5C8Z2N5u4jVHiwdRO8hJVfLvOQ==	3	2026-03-25 00:00:00	2027-03-25 00:00:00	Ustun Grup	Recep Bey			RYoaltJEbVfQxBezfUq4n11Ahosr1ug	10	t	t	t	t	t	t	\N	2026-03-25 11:35:40.336162	\N	f
\.


--
-- Data for Name: MailGonderimleri; Type: TABLE DATA; Schema: public; Owner: postgres
--

COPY public."MailGonderimleri" ("Id", "GonderenKullaniciId", "AliciEmail", "AliciAdi", "Konu", "Icerik", "HtmlFormat", "GonderimTarihi", "Durum", "HataMesaji", "DenemeSayisi", "CariId", "FaturaId", "CreatedAt", "UpdatedAt", "IsDeleted") FROM stdin;
\.


--
-- Data for Name: MasrafKalemleri; Type: TABLE DATA; Schema: public; Owner: postgres
--

COPY public."MasrafKalemleri" ("Id", "MasrafKodu", "MasrafAdi", "Kategori", "Aktif", "Notlar", "CreatedAt", "UpdatedAt", "IsDeleted") FROM stdin;
1	M001	Yakıt	1	t	\N	2026-03-23 23:48:25.186327	\N	f
2	M002	Bakım	2	t	\N	2026-03-23 23:48:25.186471	\N	f
3	M003	Lastik	7	t	\N	2026-03-23 23:48:25.186472	\N	f
4	M004	Sigorta	4	t	\N	2026-03-23 23:48:25.186472	\N	f
5	M005	Kasko	4	t	\N	2026-03-23 23:48:25.186472	\N	f
6	M006	Muayene	5	t	\N	2026-03-23 23:48:25.186472	\N	f
7	M007	Yedek Parça	8	t	\N	2026-03-23 23:48:25.186473	\N	f
8	M008	Tamir	3	t	\N	2026-03-23 23:48:25.186473	\N	f
9	M009	Yıkama	99	t	\N	2026-03-23 23:48:25.186473	\N	f
10	M010	Otopark/HGS	99	t	\N	2026-03-23 23:48:25.186479	\N	f
\.


--
-- Data for Name: MesajKonusmalari; Type: TABLE DATA; Schema: public; Owner: postgres
--

COPY public."MesajKonusmalari" ("Id", "Kullanici1Id", "Kullanici2Id", "SonMesajTarihi", "OkunmamisSayisi1", "OkunmamisSayisi2", "CreatedAt", "UpdatedAt", "IsDeleted") FROM stdin;
1	2	4	2026-03-26 12:59:40.251698	1	0	2026-03-26 12:59:40.25132	\N	f
\.


--
-- Data for Name: Mesajlar; Type: TABLE DATA; Schema: public; Owner: postgres
--

COPY public."Mesajlar" ("Id", "GonderenId", "AliciId", "Konu", "Icerik", "Tip", "Durum", "Okundu", "OkunmaTarihi", "UstMesajId", "DisAlici", "CreatedAt", "UpdatedAt", "IsDeleted") FROM stdin;
\.


--
-- Data for Name: ModulYetkileri; Type: TABLE DATA; Schema: public; Owner: postgres
--

COPY public."ModulYetkileri" ("Id", "RolId", "ModulKodu", "Okuma", "Ekleme", "Duzenleme", "Silme", "Export", "Import", "Rapor", "CreatedAt", "UpdatedAt", "IsDeleted") FROM stdin;
\.


--
-- Data for Name: MuhasebeDonemleri; Type: TABLE DATA; Schema: public; Owner: postgres
--

COPY public."MuhasebeDonemleri" ("Id", "Yil", "Ay", "BaslangicTarihi", "BitisTarihi", "Durum", "KapanisTarihi", "CreatedAt", "UpdatedAt", "IsDeleted") FROM stdin;
\.


--
-- Data for Name: MuhasebeFisKalemleri; Type: TABLE DATA; Schema: public; Owner: postgres
--

COPY public."MuhasebeFisKalemleri" ("Id", "FisId", "HesapId", "SiraNo", "Borc", "Alacak", "Aciklama", "CariId", "CreatedAt", "UpdatedAt", "IsDeleted") FROM stdin;
\.


--
-- Data for Name: MuhasebeFisleri; Type: TABLE DATA; Schema: public; Owner: postgres
--

COPY public."MuhasebeFisleri" ("Id", "FisNo", "FisTarihi", "FisTipi", "Aciklama", "ToplamBorc", "ToplamAlacak", "Durum", "Kaynak", "KaynakId", "KaynakTip", "CreatedAt", "UpdatedAt", "IsDeleted") FROM stdin;
\.


--
-- Data for Name: MuhasebeHesaplari; Type: TABLE DATA; Schema: public; Owner: postgres
--

COPY public."MuhasebeHesaplari" ("Id", "HesapKodu", "HesapAdi", "HesapTuru", "HesapGrubu", "UstHesapId", "AltHesapVar", "Aktif", "SistemHesabi", "Aciklama", "CreatedAt", "UpdatedAt", "IsDeleted") FROM stdin;
1	100	KASA	1	1	\N	t	t	t	\N	2026-03-23 23:48:25.789443	\N	f
2	100.01	Merkez Kasa	1	1	\N	f	t	t	\N	2026-03-23 23:48:25.789707	\N	f
3	102	BANKALAR	1	1	\N	t	t	t	\N	2026-03-23 23:48:25.789708	\N	f
4	102.01	Vadesiz Mevduat	1	1	\N	f	t	t	\N	2026-03-23 23:48:25.789708	\N	f
5	120	ALICILAR	1	1	\N	t	t	t	\N	2026-03-23 23:48:25.789708	\N	f
6	121	ALACAK SENETLERI	1	1	\N	f	t	t	\N	2026-03-23 23:48:25.789709	\N	f
7	126	VERILEN DEPOZITO VE TEMINATLAR	1	1	\N	f	t	f	\N	2026-03-23 23:48:25.789709	\N	f
8	153	TICARI MALLAR	1	1	\N	f	t	f	\N	2026-03-23 23:48:25.789709	\N	f
9	180	GELECEK AYLARA AIT GIDERLER	1	1	\N	f	t	f	\N	2026-03-23 23:48:25.789709	\N	f
10	190	DEVREDEN KDV	1	1	\N	f	t	f	\N	2026-03-23 23:48:25.789709	\N	f
11	191	INDIRILECEK KDV	1	1	\N	f	t	f	\N	2026-03-23 23:48:25.78971	\N	f
12	253	TESISLER, MAKINE VE CIHAZLAR	1	2	\N	f	t	f	\N	2026-03-23 23:48:25.78971	\N	f
13	254	TASITLAR	1	2	\N	f	t	f	\N	2026-03-23 23:48:25.78971	\N	f
14	255	DEMIRBASLAR	1	2	\N	f	t	f	\N	2026-03-23 23:48:25.78971	\N	f
15	257	BIRIKNIS AMORTISMANLAR (-)	1	2	\N	f	t	f	\N	2026-03-23 23:48:25.78971	\N	f
16	300	BANKA KREDILERI	2	3	\N	f	t	f	\N	2026-03-23 23:48:25.78971	\N	f
17	320	SATICILAR	2	3	\N	t	t	t	\N	2026-03-23 23:48:25.78971	\N	f
18	321	BORC SENETLERI	2	3	\N	f	t	f	\N	2026-03-23 23:48:25.78971	\N	f
19	335	PERSONELE BORCLAR	2	3	\N	f	t	f	\N	2026-03-23 23:48:25.789711	\N	f
20	340	ALINAN SIPARIS AVANSLARI	2	3	\N	f	t	f	\N	2026-03-23 23:48:25.789711	\N	f
21	360	ODENECEK VERGILER VE FONLAR	2	3	\N	f	t	f	\N	2026-03-23 23:48:25.789711	\N	f
22	361	ODENECEK SOSYAL GUVENLIK KESINTILERI	2	3	\N	f	t	f	\N	2026-03-23 23:48:25.789711	\N	f
23	391	HESAPLANAN KDV	2	3	\N	f	t	f	\N	2026-03-23 23:48:25.789714	\N	f
24	400	BANKA KREDILERI	2	4	\N	f	t	f	\N	2026-03-23 23:48:25.789714	\N	f
25	500	SERMAYE	2	5	\N	f	t	t	\N	2026-03-23 23:48:25.789714	\N	f
26	570	GECMIS YILLAR KARLARI	2	5	\N	f	t	f	\N	2026-03-23 23:48:25.789714	\N	f
27	580	GECMIS YILLAR ZARARLARI (-)	2	5	\N	f	t	f	\N	2026-03-23 23:48:25.789714	\N	f
28	590	DONEM NET KARI	2	5	\N	f	t	f	\N	2026-03-23 23:48:25.789714	\N	f
29	591	DONEM NET ZARARI (-)	2	5	\N	f	t	f	\N	2026-03-23 23:48:25.789714	\N	f
30	600	YURTICI SATISLAR	3	6	\N	f	t	t	\N	2026-03-23 23:48:25.789714	\N	f
31	602	DIGER GELIRLER	3	6	\N	f	t	f	\N	2026-03-23 23:48:25.789714	\N	f
32	610	SATISTAN IADELER (-)	3	6	\N	f	t	f	\N	2026-03-23 23:48:25.789714	\N	f
33	611	SATIS ISKONTALARI (-)	3	6	\N	f	t	f	\N	2026-03-23 23:48:25.789714	\N	f
34	620	SATILAN MAMULLER MALIYETI	4	6	\N	f	t	f	\N	2026-03-23 23:48:25.789715	\N	f
35	621	SATILAN TICARI MALLAR MALIYETI	4	6	\N	f	t	f	\N	2026-03-23 23:48:25.789715	\N	f
36	622	SATILAN HIZMET MALIYETI	4	6	\N	f	t	f	\N	2026-03-23 23:48:25.789715	\N	f
37	642	FAIZ GELIRLERI	3	6	\N	f	t	f	\N	2026-03-23 23:48:25.789715	\N	f
38	649	DIGER FAALIYETLERDEN GELIRLER	3	6	\N	f	t	f	\N	2026-03-23 23:48:25.789716	\N	f
39	653	KOMISYON GIDERLERI	4	6	\N	f	t	f	\N	2026-03-23 23:48:25.789716	\N	f
40	660	KISA VADELI BORÇLANMA GIDERLERI	4	6	\N	f	t	f	\N	2026-03-23 23:48:25.789716	\N	f
41	710	DIREKT ILKMADDE MALZEME GIDERLERI	5	7	\N	f	t	f	\N	2026-03-23 23:48:25.789716	\N	f
42	720	DIREKT ISCILIK GIDERLERI	5	7	\N	f	t	f	\N	2026-03-23 23:48:25.789716	\N	f
43	730	GENEL URETIM GIDERLERI	5	7	\N	f	t	f	\N	2026-03-23 23:48:25.789716	\N	f
44	740	HIZMET URETIM MALIYETI	5	7	\N	f	t	f	\N	2026-03-23 23:48:25.789716	\N	f
45	750	ARASTIRMA GELISTIRME GIDERLERI	4	7	\N	f	t	f	\N	2026-03-23 23:48:25.789716	\N	f
46	760	PAZARLAMA SATIS DAGITIM GIDERLERI	4	7	\N	f	t	f	\N	2026-03-23 23:48:25.789716	\N	f
47	770	GENEL YONETIM GIDERLERI	4	7	\N	f	t	t	\N	2026-03-23 23:48:25.789717	\N	f
48	770.01	Kira Giderleri	4	7	\N	f	t	f	\N	2026-03-23 23:48:25.789717	\N	f
49	770.02	Elektrik Giderleri	4	7	\N	f	t	f	\N	2026-03-23 23:48:25.789717	\N	f
50	770.03	Su Giderleri	4	7	\N	f	t	f	\N	2026-03-23 23:48:25.789717	\N	f
51	770.04	Dogalgaz Giderleri	4	7	\N	f	t	f	\N	2026-03-23 23:48:25.789717	\N	f
52	770.05	Telefon/Internet Giderleri	4	7	\N	f	t	f	\N	2026-03-23 23:48:25.789717	\N	f
53	770.06	Yakit Giderleri	4	7	\N	f	t	f	\N	2026-03-23 23:48:25.789717	\N	f
54	770.07	Bakim Onarim Giderleri	4	7	\N	f	t	f	\N	2026-03-23 23:48:25.789717	\N	f
55	770.08	Sigorta Giderleri	4	7	\N	f	t	f	\N	2026-03-23 23:48:25.789717	\N	f
56	770.09	Personel Giderleri	4	7	\N	f	t	f	\N	2026-03-23 23:48:25.789717	\N	f
57	780	FINANSMAN GIDERLERI	4	7	\N	f	t	f	\N	2026-03-23 23:48:25.789717	\N	f
58	120.01	Yurtiçi Alıcılar	1	1	\N	f	t	f	\N	2026-03-25 11:51:17.297735	\N	f
59	120.02	YurtDışı Alıcılar	1	1	\N	f	t	f	\N	2026-03-25 11:51:42.745837	\N	f
60	320.01	Yurtiçi Satıcılar	1	3	\N	f	t	f	\N	2026-03-25 11:53:54.239023	\N	f
61	320.02	YurtDışı Satıcılar	1	3	\N	f	t	f	\N	2026-03-25 11:54:32.974171	\N	f
62	335.01	Personel Merkez USTUN GRUP	2	3	\N	f	t	f	Personel ödemeleri	2026-03-26 21:22:19.043353	\N	f
66	335.02	Personel Merkez USTUN FILO	2	3	\N	f	t	f	Personel ödemeleri	2026-03-26 21:23:35.931838	\N	f
\.


--
-- Data for Name: OdemeEslestirmeleri; Type: TABLE DATA; Schema: public; Owner: postgres
--

COPY public."OdemeEslestirmeleri" ("Id", "EslestirmeTarihi", "EslestirilenTutar", "Aciklama", "FaturaId", "BankaKasaHareketId", "CreatedAt", "UpdatedAt", "IsDeleted") FROM stdin;
\.


--
-- Data for Name: PersonelIzinHaklari; Type: TABLE DATA; Schema: public; Owner: postgres
--

COPY public."PersonelIzinHaklari" ("Id", "SoforId", "Yil", "YillikIzinHakki", "KullanilanIzin", "DevirenIzin", "Notlar", "CreatedAt", "UpdatedAt", "IsDeleted") FROM stdin;
\.


--
-- Data for Name: PersonelIzinleri; Type: TABLE DATA; Schema: public; Owner: postgres
--

COPY public."PersonelIzinleri" ("Id", "SoforId", "IzinTipi", "BaslangicTarihi", "BitisTarihi", "Durum", "OnaylayanKisi", "OnayTarihi", "RedNedeni", "Aciklama", "Notlar", "CreatedAt", "UpdatedAt", "IsDeleted") FROM stdin;
\.


--
-- Data for Name: PersonelMaaslari; Type: TABLE DATA; Schema: public; Owner: postgres
--

COPY public."PersonelMaaslari" ("Id", "SoforId", "Yil", "Ay", "BrutMaas", "NetMaas", "SGKIsciPayi", "SGKIsverenPayi", "GelirVergisi", "DamgaVergisi", "IssizlikPrimi", "Prim", "Ikramiye", "Yemek", "Yol", "Mesai", "DigerEklemeler", "Avans", "IcraTakibi", "DigerKesintiler", "OdemeTarihi", "OdemeDurum", "OdemeAciklama", "CalismaGunu", "IzinliGun", "RaporluGun", "DevamsizlikGun", "Notlar", "CreatedAt", "UpdatedAt", "IsDeleted") FROM stdin;
\.


--
-- Data for Name: PiyasaIlanlari; Type: TABLE DATA; Schema: public; Owner: postgres
--

COPY public."PiyasaIlanlari" ("Id", "AracIlanId", "Kaynak", "IlanUrl", "IlanNo", "Fiyat", "Sehir", "Ilce", "Kilometre", "Yil", "Durum", "BoyaliParca", "DegisenParca", "TramerVar", "TramerTutari", "TaramaTarihi", "EkBilgiler", "CreatedAt", "UpdatedAt", "IsDeleted") FROM stdin;
\.


--
-- Data for Name: PiyasaKaynaklar; Type: TABLE DATA; Schema: public; Owner: postgres
--

COPY public."PiyasaKaynaklar" ("Id", "Ad", "Kod", "BaseUrl", "AramaUrl", "AramaParametreleri", "Selectors", "DesteklenenMarkalar", "KaynakTipi", "Sira", "Aktif", "OlusturmaTarihi", "GuncellemeTarihi", "IsDeleted") FROM stdin;
1	Sahibinden.com	sahibinden	https://www.sahibinden.com	/{kategori}-{marka}-{model}	\N	{"IlanListesi":"tr.searchResultsItem, tbody tr[data-id]","IlanLink":"td.searchResultsTitleValue a","IlanBaslik":"td.searchResultsTitleValue a","Fiyat":"td.searchResultsPriceValue span","Yil":"td.searchResultsAttributeValue:nth-child(1)","Kilometre":"td.searchResultsAttributeValue:nth-child(2)","Resim":"td.searchResultsLargeThumbnail img","Konum":"td.searchResultsLocationValue","Tarih":"td.searchResultsDateValue","CookieKabul":"#onetrust-accept-btn-handler"}	\N	Genel	1	t	2026-03-25 22:03:36.488721	\N	f
2	Arabam.com	arabam	https://www.arabam.com	/ikinci-el/{marka}-{model}	\N	{"IlanListesi":"tr[class*=\\u0027listing-list-item\\u0027], .listing-item","IlanLink":"a[href*=\\u0027/ilan/\\u0027]","IlanBaslik":"h3, .listing-title","Fiyat":"[class*=\\u0027price\\u0027], .listing-price","Yil":"","Kilometre":"","Resim":"img[src*=\\u0027arabam\\u0027]","Konum":"[class*=\\u0027location\\u0027]","Tarih":"","CookieKabul":"button[data-testid=\\u0027accept-all-cookies\\u0027]"}	\N	Genel	2	t	2026-03-25 22:03:36.536419	\N	f
3	Spoticar	spoticar	https://www.spoticar.com.tr	/arac-bul	\N	\N	Peugeot,Citroen,Opel,DS	YetkiliBayi	3	t	2026-03-25 22:03:36.537479	\N	f
4	Borusan İkinci El	borusan	https://www.borusanikinciel.com	/ikinci-el-araclar	\N	\N	BMW,Mini,Land Rover,Jaguar	YetkiliBayi	4	t	2026-03-25 22:03:36.537637	\N	f
5	DOD	dod	https://www.dod.com.tr	/ikinci-el-araclar	\N	\N	Volkswagen,Audi,Seat,Skoda,Porsche	YetkiliBayi	5	t	2026-03-25 22:03:36.537639	\N	f
6	Ford İkinci El	ford2el	https://www.fordikinciel.com	/ikinci-el-ford	\N	\N	Ford	YetkiliBayi	6	t	2026-03-25 22:03:36.537642	\N	f
7	Otokoç 2. El	otokoc	https://www.otokoc2el.com.tr	/ikinci-el-araclar	\N	\N	Toyota,Lexus	YetkiliBayi	7	t	2026-03-25 22:03:36.537643	\N	f
8	Doğuş Oto 2. El	dogusoto	https://www.dogusotomotiv2el.com	/arac-listesi	\N	\N	Volkswagen,Audi,Seat,Skoda,Porsche	YetkiliBayi	8	t	2026-03-25 22:03:36.537643	\N	f
9	Otosor	otosor	https://www.otosor.com	/ikinci-el-arac	\N	{"IlanListesi":".car-card, .vehicle-item, .listing-item","IlanLink":"a[href*=\\u0027/ilan\\u0027], a[href*=\\u0027/arac\\u0027]","IlanBaslik":"","Fiyat":"[class*=\\u0027price\\u0027], .price","Yil":"","Kilometre":"","Resim":"img[src*=\\u0027otosor\\u0027], img","Konum":"","Tarih":"","CookieKabul":""}	\N	Galeri	9	t	2026-03-25 22:03:36.537643	\N	f
10	Otoplus	otoplus	https://www.otoplus.com	/arac-listesi	\N	{"IlanListesi":".car-card, .vehicle-item, .listing-item","IlanLink":"a[href*=\\u0027/ilan\\u0027], a[href*=\\u0027/arac\\u0027]","IlanBaslik":"","Fiyat":"[class*=\\u0027price\\u0027], .price","Yil":"","Kilometre":"","Resim":"img","Konum":"","Tarih":"","CookieKabul":""}	\N	Galeri	10	t	2026-03-25 22:03:36.537676	\N	f
11	VavaCars	vavacars	https://www.vavacars.com	/arac-satin-al	\N	{"IlanListesi":".car-card, .vehicle-card, [class*=\\u0027car-item\\u0027]","IlanLink":"a[href*=\\u0027/arac\\u0027], a[href*=\\u0027/detay\\u0027]","IlanBaslik":"","Fiyat":"[class*=\\u0027price\\u0027], .price","Yil":"","Kilometre":"","Resim":"img[src*=\\u0027vavacars\\u0027], img","Konum":"","Tarih":"","CookieKabul":""}	\N	Galeri	11	t	2026-03-25 22:03:36.53771	\N	f
12	Otocars	otocars	https://www.otocars.com.tr	/araclar	\N	{"IlanListesi":".car-card, .vehicle-item","IlanLink":"a[href*=\\u0027/arac\\u0027]","IlanBaslik":"","Fiyat":"[class*=\\u0027price\\u0027]","Yil":"","Kilometre":"","Resim":"img","Konum":"","Tarih":"","CookieKabul":""}	\N	Galeri	12	t	2026-03-25 22:03:36.53773	\N	f
13	Toyota Türkiye	toyota	https://www.toyota.com.tr	/modeller	\N	\N	Toyota	Sifir	20	t	2026-03-25 22:03:36.537771	\N	f
14	Renault Türkiye	renault	https://www.renault.com.tr	/araclar	\N	\N	Renault	Sifir	21	t	2026-03-25 22:03:36.537772	\N	f
\.


--
-- Data for Name: Randevular; Type: TABLE DATA; Schema: public; Owner: postgres
--

COPY public."Randevular" ("Id", "KullaniciId", "Baslik", "Aciklama", "Konum", "BaslangicTarihi", "BitisTarihi", "TumGun", "Tip", "Durum", "CariId", "KatilimciIdleri", "HatirlatmaDakika", "HatirlatmaGonderildi", "Renk", "CreatedAt", "UpdatedAt", "IsDeleted") FROM stdin;
\.


--
-- Data for Name: RolYetkileri; Type: TABLE DATA; Schema: public; Owner: postgres
--

COPY public."RolYetkileri" ("Id", "RolId", "YetkiKodu", "Izin", "CreatedAt", "UpdatedAt", "IsDeleted") FROM stdin;
184	6	rapor.goruntule	t	2026-03-26 20:26:33.789264	\N	f
185	6	guzergah.goruntule	t	2026-03-26 20:26:33.789364	\N	f
186	6	sofor.goruntule	t	2026-03-26 20:26:33.789415	\N	f
187	6	arac.goruntule	t	2026-03-26 20:26:33.789454	\N	f
188	6	servis.goruntule	t	2026-03-26 20:26:33.789494	\N	f
189	6	menu.filoservis	t	2026-03-26 20:26:33.78953	\N	f
190	6	araclar.oku	t	2026-03-26 20:26:33.789562	\N	f
191	6	guzergahlar.oku	t	2026-03-26 20:26:33.789594	\N	f
192	6	serviscalisma.oku	t	2026-03-26 20:26:33.789633	\N	f
193	6	toplucalisma.oku	t	2026-03-26 20:26:33.789669	\N	f
194	6	masrafkalem.oku	t	2026-03-26 20:26:33.789706	\N	f
195	6	aracmasraf.oku	t	2026-03-26 20:26:33.789741	\N	f
196	6	araclar.yaz	t	2026-03-26 20:26:33.789831	\N	f
197	6	araclar.duzenle	t	2026-03-26 20:26:33.789876	\N	f
23	4	dashboard	t	2026-03-26 10:24:10.829189	\N	f
24	4	arac.goruntule	t	2026-03-26 10:24:10.82925	\N	f
25	4	arac.ekle	t	2026-03-26 10:24:10.829263	\N	f
26	4	arac.duzenle	t	2026-03-26 10:24:10.829272	\N	f
27	4	sofor.goruntule	t	2026-03-26 10:24:10.829281	\N	f
28	4	sofor.ekle	t	2026-03-26 10:24:10.829289	\N	f
29	4	sofor.duzenle	t	2026-03-26 10:24:10.829301	\N	f
30	4	guzergah.goruntule	t	2026-03-26 10:24:10.829309	\N	f
31	4	guzergah.ekle	t	2026-03-26 10:24:10.829317	\N	f
32	4	guzergah.duzenle	t	2026-03-26 10:24:10.829326	\N	f
33	4	servis.goruntule	t	2026-03-26 10:24:10.829337	\N	f
34	4	servis.ekle	t	2026-03-26 10:24:10.829346	\N	f
35	4	servis.duzenle	t	2026-03-26 10:24:10.829369	\N	f
36	4	masraf.goruntule	t	2026-03-26 10:24:10.829378	\N	f
37	4	masraf.ekle	t	2026-03-26 10:24:10.829387	\N	f
38	4	rapor.goruntule	t	2026-03-26 10:24:10.829395	\N	f
39	5	dashboard	t	2026-03-26 10:24:10.835336	\N	f
40	5	satis.goruntule	t	2026-03-26 10:24:10.835381	\N	f
41	5	satis.ekle	t	2026-03-26 10:24:10.835392	\N	f
42	5	satis.duzenle	t	2026-03-26 10:24:10.8354	\N	f
43	5	cari.goruntule	t	2026-03-26 10:24:10.835413	\N	f
44	5	rapor.goruntule	t	2026-03-26 10:24:10.835421	\N	f
198	6	araclar.sil	t	2026-03-26 20:26:33.789913	\N	f
199	6	guzergahlar.yaz	t	2026-03-26 20:26:33.789945	\N	f
200	6	guzergahlar.duzenle	t	2026-03-26 20:26:33.789977	\N	f
201	6	guzergahlar.sil	t	2026-03-26 20:26:33.790034	\N	f
202	6	serviscalisma.yaz	t	2026-03-26 20:26:33.790109	\N	f
203	6	serviscalisma.duzenle	t	2026-03-26 20:26:33.790151	\N	f
204	6	serviscalisma.sil	t	2026-03-26 20:26:33.790192	\N	f
205	6	toplucalisma.yaz	t	2026-03-26 20:26:33.790225	\N	f
206	6	toplucalisma.duzenle	t	2026-03-26 20:26:33.790269	\N	f
207	6	masrafkalem.yaz	t	2026-03-26 20:26:33.790303	\N	f
208	6	masrafkalem.duzenle	t	2026-03-26 20:26:33.790372	\N	f
209	6	masrafkalem.sil	t	2026-03-26 20:26:33.790417	\N	f
63	8	dashboard	t	2026-03-26 16:32:16.266925	\N	f
64	8	cari.okuma	t	2026-03-26 16:32:16.267041	\N	f
65	8	cari.yazma	t	2026-03-26 16:32:16.267056	\N	f
66	8	fatura.okuma	t	2026-03-26 16:32:16.267068	\N	f
67	8	fatura.yazma	t	2026-03-26 16:32:16.267084	\N	f
68	8	banka.okuma	t	2026-03-26 16:32:16.267092	\N	f
69	8	banka.yazma	t	2026-03-26 16:32:16.267099	\N	f
70	8	muhasebe.okuma	t	2026-03-26 16:32:16.267108	\N	f
71	8	muhasebe.yazma	t	2026-03-26 16:32:16.267116	\N	f
72	8	rapor.okuma	t	2026-03-26 16:32:16.267123	\N	f
73	8	rapor.export	t	2026-03-26 16:32:16.267133	\N	f
210	6	aracmasraf.yaz	t	2026-03-26 20:26:33.790452	\N	f
211	6	aracmasraf.duzenle	t	2026-03-26 20:26:33.790566	\N	f
212	6	aracmasraf.sil	t	2026-03-26 20:26:33.790625	\N	f
117	3	maas.oku	t	2026-03-26 20:10:40.949267	\N	f
118	3	fatura.ekle	t	2026-03-26 20:10:40.96404	\N	f
119	3	fatura.duzenle	t	2026-03-26 20:10:40.964297	\N	f
120	3	fatura.sil	t	2026-03-26 20:10:40.964387	\N	f
121	3	banka.goruntule	t	2026-03-26 20:10:40.964651	\N	f
122	3	banka.ekle	t	2026-03-26 20:10:40.964755	\N	f
123	3	banka.duzenle	t	2026-03-26 20:10:40.964835	\N	f
124	3	butce.goruntule	t	2026-03-26 20:10:40.964908	\N	f
125	3	butce.ekle	t	2026-03-26 20:10:40.964989	\N	f
126	3	menu.muhasebe	t	2026-03-26 20:10:40.965067	\N	f
127	3	muhasebedash.oku	t	2026-03-26 20:10:40.965223	\N	f
128	3	hesapplani.oku	t	2026-03-26 20:10:40.965318	\N	f
129	3	muhasebefis.oku	t	2026-03-26 20:10:40.965389	\N	f
130	3	muhaseberapor.oku	t	2026-03-26 20:10:40.965458	\N	f
131	3	malianaliz.oku	t	2026-03-26 20:10:40.965526	\N	f
132	3	menu.cari	t	2026-03-26 20:10:40.965608	\N	f
133	3	cariler.oku	t	2026-03-26 20:10:40.965692	\N	f
134	3	kesilenfatura.oku	t	2026-03-26 20:10:40.965758	\N	f
135	3	gelenfatura.oku	t	2026-03-26 20:10:40.965825	\N	f
136	3	menu.personel	t	2026-03-26 20:10:40.965887	\N	f
137	3	personel.oku	t	2026-03-26 20:10:40.965949	\N	f
138	3	izin.oku	t	2026-03-26 20:10:40.966017	\N	f
139	3	odemeeslestir.oku	t	2026-03-26 20:10:40.966078	\N	f
140	3	bankahareket.oku	t	2026-03-26 20:10:40.966135	\N	f
141	3	bankahesap.oku	t	2026-03-26 20:10:40.966193	\N	f
142	3	menu.bankakasa	t	2026-03-26 20:10:40.966251	\N	f
143	3	menu.fatura	t	2026-03-26 20:10:40.966311	\N	f
144	3	faturalar.oku	t	2026-03-26 20:10:40.966374	\N	f
145	3	faturahazirlik.oku	t	2026-03-26 20:10:40.966439	\N	f
146	3	butce.duzenle	t	2026-03-26 20:10:40.966498	\N	f
147	3	dashboard	t	2026-03-26 20:10:40.966556	\N	f
148	3	muhasebe.goruntule	t	2026-03-26 20:10:40.966614	\N	f
149	3	muhasebe.ekle	t	2026-03-26 20:10:40.96667	\N	f
150	3	muhasebe.duzenle	t	2026-03-26 20:10:40.96673	\N	f
151	3	rapor.goruntule	t	2026-03-26 20:10:40.966806	\N	f
152	3	rapor.export	t	2026-03-26 20:10:40.966878	\N	f
153	3	yedekleme.goruntule	t	2026-03-26 20:10:40.966951	\N	f
154	3	yedekleme.olustur	t	2026-03-26 20:10:40.967024	\N	f
155	3	butce.sil	t	2026-03-26 20:10:40.967101	\N	f
156	3	cari.goruntule	t	2026-03-26 20:10:40.967173	\N	f
157	3	cari.ekle	t	2026-03-26 20:10:40.967244	\N	f
158	3	cari.duzenle	t	2026-03-26 20:10:40.967317	\N	f
159	3	fatura.goruntule	t	2026-03-26 20:10:40.96739	\N	f
160	3	raporfatura.oku	t	2026-03-26 20:10:40.967466	\N	f
161	3	raporfatura.export	t	2026-03-26 20:10:40.967542	\N	f
162	3	raporekstre.oku	t	2026-03-26 20:10:40.967623	\N	f
163	3	raporekstre.export	t	2026-03-26 20:10:40.967719	\N	f
164	3	rapormasraf.oku	t	2026-03-26 20:10:40.967814	\N	f
165	3	rapormasraf.export	t	2026-03-26 20:10:40.967902	\N	f
166	3	menu.raporlar	t	2026-03-26 20:10:40.96798	\N	f
167	3	raporozmal.oku	t	2026-03-26 20:10:40.968059	\N	f
168	3	raporkirali.oku	t	2026-03-26 20:10:40.968141	\N	f
169	3	raporkomisyon.oku	t	2026-03-26 20:10:40.968226	\N	f
170	3	raporservis.oku	t	2026-03-26 20:10:40.96831	\N	f
223	7	menu.checklist	t	2026-03-27 07:17:06.915212	\N	f
224	7	dashboard	t	2026-03-27 07:17:06.933308	\N	f
225	7	serviscalisma.oku	t	2026-03-27 07:17:06.933751	\N	f
226	7	menu.filoservis	t	2026-03-27 07:17:06.934121	\N	f
227	7	araclar.oku	t	2026-03-27 07:17:06.934192	\N	f
228	7	checklist.oku	t	2026-03-27 07:17:06.93425	\N	f
229	7	guzergahlar.oku	t	2026-03-27 07:17:06.934312	\N	f
\.


--
-- Data for Name: Roller; Type: TABLE DATA; Schema: public; Owner: postgres
--

COPY public."Roller" ("Id", "RolAdi", "Aciklama", "SistemRolu", "CreatedAt", "UpdatedAt", "IsDeleted", "Renk") FROM stdin;
2	Kullanici	Standart Kullanici	t	2026-03-23 23:48:25.555259	\N	f	#dc3545
5	SatisTemsilcisi	Satis modulu ve piyasa arastirma	f	2026-03-26 10:24:10.833951	\N	f	#198754
3	Muhasebeci	Butce, fatura, banka ve muhasebe islemleri	f	2026-03-26 10:24:10.645669	2026-03-26 21:30:58.809806	f	#6f42c1
4	Operasyon	Arac, sofor, guzergah ve servis islemleri	f	2026-03-26 10:24:10.825822	2026-03-26 10:48:18.355064	f	#0d6efd
7	Sofor	Sofor - Sadece dashboard	t	2026-03-26 16:32:16.094212	2026-03-27 07:17:24.272633	f	#dc3545
1	Admin	Sistem Yoneticisi	t	2026-03-23 23:48:25.525233	2026-03-27 10:34:27.215419	f	#dc3545
8	Muhasebe	Muhasebe - Mali islemler	t	2026-03-26 16:32:16.263605	\N	f	#dc3545
6	SoforRol	Kendine atanan arac ve guzergah bilgileri	f	2026-03-26 10:24:10.838425	2026-03-26 20:26:01.890916	f	#fd7e14
\.


--
-- Data for Name: SatisPersonelleri; Type: TABLE DATA; Schema: public; Owner: postgres
--

COPY public."SatisPersonelleri" ("Id", "PersonelKodu", "AdSoyad", "Telefon", "Email", "Aktif", "KomisyonOrani", "SabitKomisyon", "AylikSatisHedefi", "AylikAracHedefi", "CreatedAt", "UpdatedAt", "IsDeleted") FROM stdin;
\.


--
-- Data for Name: ServisCalismalari; Type: TABLE DATA; Schema: public; Owner: postgres
--

COPY public."ServisCalismalari" ("Id", "CalismaTarihi", "ServisTuru", "Fiyat", "KmBaslangic", "KmBitis", "BaslangicSaati", "BitisSaati", "ArizaOlduMu", "ArizaAciklamasi", "Durum", "Notlar", "AracId", "SoforId", "GuzergahId", "CreatedAt", "UpdatedAt", "IsDeleted") FROM stdin;
\.


--
-- Data for Name: Soforler; Type: TABLE DATA; Schema: public; Owner: postgres
--

COPY public."Soforler" ("Id", "SoforKodu", "Ad", "Soyad", "TcKimlikNo", "Telefon", "Email", "Adres", "EhliyetNo", "EhliyetGecerlilikTarihi", "IseBaslamaTarihi", "Aktif", "Notlar", "CreatedAt", "UpdatedAt", "IsDeleted", "BankaAdi", "BrutMaas", "Departman", "Gorev", "IBAN", "IstenAyrilmaTarihi", "NetMaas", "Pozisyon", "PsikoteknikGecerlilikTarihi", "SaglikRaporuGecerlilikTarihi", "SrcBelgesiGecerlilikTarihi") FROM stdin;
2	S002	Mehmet	Demir	98765432109	0533 444 5566	mehmet.demir@email.com	\N	B-654321	2028-03-24 00:00:00	2025-03-24 00:00:00	t	\N	2026-03-23 23:48:25.039052	\N	f	\N	0	\N	1	\N	\N	0	\N	\N	\N	\N
3	S003	Ali	Kaya	11122233344	0535 777 8899	ali.kaya@email.com	\N	B-111222	2030-03-24 00:00:00	2025-09-24 00:00:00	t	\N	2026-03-23 23:48:25.039053	\N	f	\N	0	\N	1	\N	\N	0	\N	\N	\N	\N
4	S004	Veli	Öztürk	55566677788	0536 000 1122	veli.ozturk@email.com	\N	B-333444	2027-03-24 00:00:00	2023-03-24 00:00:00	t	\N	2026-03-23 23:48:25.039076	\N	f	\N	0	\N	1	\N	\N	0	\N	\N	\N	\N
1	S001	Ahmet	Yılmaz	12345678901	0532 111 2233	ahmet.yilmaz@email.com	\N	B-123456	2029-03-24 00:00:00	2024-03-24 00:00:00	t	\N	2026-03-23 23:48:25.037076	2026-03-24 12:12:19.781569	f	\N	0	\N	1	\N	\N	0	\N	\N	\N	\N
\.


--
-- Data for Name: TekrarlayanOdemeler; Type: TABLE DATA; Schema: public; Owner: postgres
--

COPY public."TekrarlayanOdemeler" ("Id", "OdemeAdi", "MasrafKalemi", "Aciklama", "Tutar", "Periyod", "OdemeGunu", "BaslangicTarihi", "BitisTarihi", "HatirlatmaGunSayisi", "FirmaId", "Aktif", "Renk", "Icon", "Notlar", "CreatedAt", "UpdatedAt", "IsDeleted") FROM stdin;
1	Üstün Grup Muhtasar Ödemesi	Vergi	\N	1.00	1	26	2026-03-01 00:00:00	2030-12-31 00:00:00	3	1	t	#dc3545	bi-arrow-repeat	\N	2026-03-26 09:18:41.9905	2026-03-26 09:19:11.293173	f
2	Üstün Filo Muhtasar	Vergi	\N	1.00	1	26	2026-03-01 00:00:00	2030-12-31 00:00:00	3	5	t	#dc3545	bi-arrow-repeat	\N	2026-03-26 09:22:50.514388	\N	f
3	Üstün Filo Muhtasar aylık	Vergi	\N	1.00	1	26	2026-03-26 00:00:00	\N	3	5	t	#dc3545	bi-arrow-repeat	\N	2026-03-26 09:24:10.280805	\N	f
\.


--
-- Data for Name: WhatsAppAyarlari; Type: TABLE DATA; Schema: public; Owner: postgres
--

COPY public."WhatsAppAyarlari" ("Id", "KullaniciId", "Telefon", "ApiKey", "WebhookUrl", "Aktif", "CreatedAt", "UpdatedAt", "IsDeleted", "HizliSablonlarJson") FROM stdin;
\.


--
-- Data for Name: WhatsAppGrupUyeler; Type: TABLE DATA; Schema: public; Owner: postgres
--

COPY public."WhatsAppGrupUyeler" ("Id", "GrupId", "KisiId", "CreatedAt", "UpdatedAt", "IsDeleted") FROM stdin;
\.


--
-- Data for Name: WhatsAppGruplar; Type: TABLE DATA; Schema: public; Owner: postgres
--

COPY public."WhatsAppGruplar" ("Id", "GrupAdi", "Aciklama", "CreatedAt", "UpdatedAt", "IsDeleted") FROM stdin;
\.


--
-- Data for Name: WhatsAppKisiler; Type: TABLE DATA; Schema: public; Owner: postgres
--

COPY public."WhatsAppKisiler" ("Id", "AdSoyad", "Telefon", "CariId", "Notlar", "CreatedAt", "UpdatedAt", "IsDeleted") FROM stdin;
\.


--
-- Data for Name: WhatsAppMesajlar; Type: TABLE DATA; Schema: public; Owner: postgres
--

COPY public."WhatsAppMesajlar" ("Id", "GonderenId", "KisiId", "GrupId", "Icerik", "Tipi", "Durum", "MesajTarihi", "Okundu", "CreatedAt", "UpdatedAt", "IsDeleted") FROM stdin;
\.


--
-- Data for Name: WhatsAppSablonlar; Type: TABLE DATA; Schema: public; Owner: postgres
--

COPY public."WhatsAppSablonlar" ("Id", "Baslik", "Icerik", "Parametreler", "CreatedAt", "UpdatedAt", "IsDeleted") FROM stdin;
\.


--
-- Data for Name: __EFMigrationsHistory; Type: TABLE DATA; Schema: public; Owner: postgres
--

COPY public."__EFMigrationsHistory" ("MigrationId", "ProductVersion") FROM stdin;
20260318000312_InitialCreate	10.0.5
20260320040311_AddAracKiralikveKomisyon	10.0.5
20260323111938_PersonelGorevVeMaasIzin	10.0.5
20260323114724_BudgetOdemeModulu	10.0.5
20260323123051_AktiviteLogModulu	10.0.5
20260323173936_AddEFaturaFields	10.0.5
20260323182859_BudgetOdemePaymentTracking	10.0.5
20260323185351_MuhasebeModulu	10.0.5
20260323194133_FirmaVeCariMuhasebe	10.0.5
20260323203802_KullaniciLisansSatis	10.0.5
20260323234714_CariAktifBorcAlacak	10.0.5
20260324070016_BudgetOdemeFirmaId	10.0.5
20260324075629_AracEvrakModulu	10.0.5
20260324090213_FaturaFirmaIskonto	10.0.5
20260324094539_CariKoduFilteredIndex	10.0.5
20260324130000_CariTcKimlikNo	10.0.5
20260326123856_KullaniciBilesenModulu	10.0.5
20260326214329_CariPersonelSoforIliski	10.0.5
20260324174737_InitialCreate	10.0.5
20260324175248_Init	10.0.5
20260324195453_AddPiyasaArastirmaModule	10.0.5
20260325200834_AddResimUrlToPiyasaIlan	10.0.5
20260326090740_TekrarlayanOdeme	10.0.5
20260326204037_CRMModulu	10.0.5
20260326224724_AracSasePlakaYapisi	10.0.5
20260327100653_AddWhatsAppQuickTemplates	10.0.5
20260327101416_AddWhatsAppChatEntities	10.0.5
20260327103309_AddEmailInboxSettings	10.0.5
\.


--
-- Name: AktiviteLoglar_Id_seq; Type: SEQUENCE SET; Schema: public; Owner: postgres
--

SELECT pg_catalog.setval('public."AktiviteLoglar_Id_seq"', 1, false);


--
-- Name: AracEvrakDosyalari_Id_seq; Type: SEQUENCE SET; Schema: public; Owner: postgres
--

SELECT pg_catalog.setval('public."AracEvrakDosyalari_Id_seq"', 1, false);


--
-- Name: AracEvraklari_Id_seq; Type: SEQUENCE SET; Schema: public; Owner: postgres
--

SELECT pg_catalog.setval('public."AracEvraklari_Id_seq"', 1, false);


--
-- Name: AracIlanlari_Id_seq; Type: SEQUENCE SET; Schema: public; Owner: postgres
--

SELECT pg_catalog.setval('public."AracIlanlari_Id_seq"', 1, false);


--
-- Name: AracMarkalari_Id_seq; Type: SEQUENCE SET; Schema: public; Owner: postgres
--

SELECT pg_catalog.setval('public."AracMarkalari_Id_seq"', 20, true);


--
-- Name: AracMasraflari_Id_seq; Type: SEQUENCE SET; Schema: public; Owner: postgres
--

SELECT pg_catalog.setval('public."AracMasraflari_Id_seq"', 1, true);


--
-- Name: AracModelleri_Id_seq; Type: SEQUENCE SET; Schema: public; Owner: postgres
--

SELECT pg_catalog.setval('public."AracModelleri_Id_seq"', 6, true);


--
-- Name: AracPlakalar_Id_seq; Type: SEQUENCE SET; Schema: public; Owner: postgres
--

SELECT pg_catalog.setval('public."AracPlakalar_Id_seq"', 1, false);


--
-- Name: AracSatislari_Id_seq; Type: SEQUENCE SET; Schema: public; Owner: postgres
--

SELECT pg_catalog.setval('public."AracSatislari_Id_seq"', 1, false);


--
-- Name: Araclar_Id_seq; Type: SEQUENCE SET; Schema: public; Owner: postgres
--

SELECT pg_catalog.setval('public."Araclar_Id_seq"', 4, true);


--
-- Name: AylikChecklistler_Id_seq; Type: SEQUENCE SET; Schema: public; Owner: postgres
--

SELECT pg_catalog.setval('public."AylikChecklistler_Id_seq"', 1, false);


--
-- Name: BankaHesaplari_Id_seq; Type: SEQUENCE SET; Schema: public; Owner: postgres
--

SELECT pg_catalog.setval('public."BankaHesaplari_Id_seq"', 7, true);


--
-- Name: BankaKasaHareketleri_Id_seq; Type: SEQUENCE SET; Schema: public; Owner: postgres
--

SELECT pg_catalog.setval('public."BankaKasaHareketleri_Id_seq"', 1, true);


--
-- Name: Bildirimler_Id_seq; Type: SEQUENCE SET; Schema: public; Owner: postgres
--

SELECT pg_catalog.setval('public."Bildirimler_Id_seq"', 1, false);


--
-- Name: BudgetMasrafKalemleri_Id_seq; Type: SEQUENCE SET; Schema: public; Owner: postgres
--

SELECT pg_catalog.setval('public."BudgetMasrafKalemleri_Id_seq"', 22, true);


--
-- Name: BudgetOdemeler_Id_seq; Type: SEQUENCE SET; Schema: public; Owner: postgres
--

SELECT pg_catalog.setval('public."BudgetOdemeler_Id_seq"', 244, true);


--
-- Name: Cariler_Id_seq; Type: SEQUENCE SET; Schema: public; Owner: postgres
--

SELECT pg_catalog.setval('public."Cariler_Id_seq"', 393, true);


--
-- Name: ChecklistKalemleri_Id_seq; Type: SEQUENCE SET; Schema: public; Owner: postgres
--

SELECT pg_catalog.setval('public."ChecklistKalemleri_Id_seq"', 1, false);


--
-- Name: DashboardWidgetlar_Id_seq; Type: SEQUENCE SET; Schema: public; Owner: postgres
--

SELECT pg_catalog.setval('public."DashboardWidgetlar_Id_seq"', 1, false);


--
-- Name: EmailAyarlari_Id_seq; Type: SEQUENCE SET; Schema: public; Owner: postgres
--

SELECT pg_catalog.setval('public."EmailAyarlari_Id_seq"', 1, false);


--
-- Name: FaturaKalemleri_Id_seq; Type: SEQUENCE SET; Schema: public; Owner: postgres
--

SELECT pg_catalog.setval('public."FaturaKalemleri_Id_seq"', 2, true);


--
-- Name: Faturalar_Id_seq; Type: SEQUENCE SET; Schema: public; Owner: postgres
--

SELECT pg_catalog.setval('public."Faturalar_Id_seq"', 257, true);


--
-- Name: Firmalar_Id_seq; Type: SEQUENCE SET; Schema: public; Owner: postgres
--

SELECT pg_catalog.setval('public."Firmalar_Id_seq"', 5, true);


--
-- Name: Guzergahlar_Id_seq; Type: SEQUENCE SET; Schema: public; Owner: postgres
--

SELECT pg_catalog.setval('public."Guzergahlar_Id_seq"', 4, true);


--
-- Name: Hatirlaticilar_Id_seq; Type: SEQUENCE SET; Schema: public; Owner: postgres
--

SELECT pg_catalog.setval('public."Hatirlaticilar_Id_seq"', 1, false);


--
-- Name: KullaniciBildirimleri_Id_seq; Type: SEQUENCE SET; Schema: public; Owner: postgres
--

SELECT pg_catalog.setval('public."KullaniciBildirimleri_Id_seq"', 1, false);


--
-- Name: KullaniciCariler_Id_seq; Type: SEQUENCE SET; Schema: public; Owner: postgres
--

SELECT pg_catalog.setval('public."KullaniciCariler_Id_seq"', 1, false);


--
-- Name: KullaniciCarileri_Id_seq; Type: SEQUENCE SET; Schema: public; Owner: postgres
--

SELECT pg_catalog.setval('public."KullaniciCarileri_Id_seq"', 1, false);


--
-- Name: KullaniciMesajlari_Id_seq; Type: SEQUENCE SET; Schema: public; Owner: postgres
--

SELECT pg_catalog.setval('public."KullaniciMesajlari_Id_seq"', 1, true);


--
-- Name: KullaniciOturumlari_Id_seq; Type: SEQUENCE SET; Schema: public; Owner: postgres
--

SELECT pg_catalog.setval('public."KullaniciOturumlari_Id_seq"', 1, false);


--
-- Name: Kullanicilar_Id_seq; Type: SEQUENCE SET; Schema: public; Owner: postgres
--

SELECT pg_catalog.setval('public."Kullanicilar_Id_seq"', 9, true);


--
-- Name: Lisanslar_Id_seq; Type: SEQUENCE SET; Schema: public; Owner: postgres
--

SELECT pg_catalog.setval('public."Lisanslar_Id_seq"', 2, true);


--
-- Name: MailGonderimleri_Id_seq; Type: SEQUENCE SET; Schema: public; Owner: postgres
--

SELECT pg_catalog.setval('public."MailGonderimleri_Id_seq"', 1, false);


--
-- Name: MasrafKalemleri_Id_seq; Type: SEQUENCE SET; Schema: public; Owner: postgres
--

SELECT pg_catalog.setval('public."MasrafKalemleri_Id_seq"', 10, true);


--
-- Name: MesajKonusmalari_Id_seq; Type: SEQUENCE SET; Schema: public; Owner: postgres
--

SELECT pg_catalog.setval('public."MesajKonusmalari_Id_seq"', 1, true);


--
-- Name: Mesajlar_Id_seq; Type: SEQUENCE SET; Schema: public; Owner: postgres
--

SELECT pg_catalog.setval('public."Mesajlar_Id_seq"', 1, false);


--
-- Name: ModulYetkileri_Id_seq; Type: SEQUENCE SET; Schema: public; Owner: postgres
--

SELECT pg_catalog.setval('public."ModulYetkileri_Id_seq"', 1, false);


--
-- Name: MuhasebeDonemleri_Id_seq; Type: SEQUENCE SET; Schema: public; Owner: postgres
--

SELECT pg_catalog.setval('public."MuhasebeDonemleri_Id_seq"', 1, false);


--
-- Name: MuhasebeFisKalemleri_Id_seq; Type: SEQUENCE SET; Schema: public; Owner: postgres
--

SELECT pg_catalog.setval('public."MuhasebeFisKalemleri_Id_seq"', 1, false);


--
-- Name: MuhasebeFisleri_Id_seq; Type: SEQUENCE SET; Schema: public; Owner: postgres
--

SELECT pg_catalog.setval('public."MuhasebeFisleri_Id_seq"', 1, false);


--
-- Name: MuhasebeHesaplari_Id_seq; Type: SEQUENCE SET; Schema: public; Owner: postgres
--

SELECT pg_catalog.setval('public."MuhasebeHesaplari_Id_seq"', 66, true);


--
-- Name: OdemeEslestirmeleri_Id_seq; Type: SEQUENCE SET; Schema: public; Owner: postgres
--

SELECT pg_catalog.setval('public."OdemeEslestirmeleri_Id_seq"', 1, false);


--
-- Name: PersonelIzinHaklari_Id_seq; Type: SEQUENCE SET; Schema: public; Owner: postgres
--

SELECT pg_catalog.setval('public."PersonelIzinHaklari_Id_seq"', 1, false);


--
-- Name: PersonelIzinleri_Id_seq; Type: SEQUENCE SET; Schema: public; Owner: postgres
--

SELECT pg_catalog.setval('public."PersonelIzinleri_Id_seq"', 1, false);


--
-- Name: PersonelMaaslari_Id_seq; Type: SEQUENCE SET; Schema: public; Owner: postgres
--

SELECT pg_catalog.setval('public."PersonelMaaslari_Id_seq"', 1, false);


--
-- Name: PiyasaIlanlari_Id_seq; Type: SEQUENCE SET; Schema: public; Owner: postgres
--

SELECT pg_catalog.setval('public."PiyasaIlanlari_Id_seq"', 1, false);


--
-- Name: PiyasaKaynaklar_Id_seq; Type: SEQUENCE SET; Schema: public; Owner: postgres
--

SELECT pg_catalog.setval('public."PiyasaKaynaklar_Id_seq"', 14, true);


--
-- Name: Randevular_Id_seq; Type: SEQUENCE SET; Schema: public; Owner: postgres
--

SELECT pg_catalog.setval('public."Randevular_Id_seq"', 1, false);


--
-- Name: RolYetkileri_Id_seq; Type: SEQUENCE SET; Schema: public; Owner: postgres
--

SELECT pg_catalog.setval('public."RolYetkileri_Id_seq"', 229, true);


--
-- Name: Roller_Id_seq; Type: SEQUENCE SET; Schema: public; Owner: postgres
--

SELECT pg_catalog.setval('public."Roller_Id_seq"', 8, true);


--
-- Name: SatisPersonelleri_Id_seq; Type: SEQUENCE SET; Schema: public; Owner: postgres
--

SELECT pg_catalog.setval('public."SatisPersonelleri_Id_seq"', 1, false);


--
-- Name: ServisCalismalari_Id_seq; Type: SEQUENCE SET; Schema: public; Owner: postgres
--

SELECT pg_catalog.setval('public."ServisCalismalari_Id_seq"', 67, true);


--
-- Name: Soforler_Id_seq; Type: SEQUENCE SET; Schema: public; Owner: postgres
--

SELECT pg_catalog.setval('public."Soforler_Id_seq"', 4, true);


--
-- Name: TekrarlayanOdemeler_Id_seq; Type: SEQUENCE SET; Schema: public; Owner: postgres
--

SELECT pg_catalog.setval('public."TekrarlayanOdemeler_Id_seq"', 3, true);


--
-- Name: WhatsAppAyarlari_Id_seq; Type: SEQUENCE SET; Schema: public; Owner: postgres
--

SELECT pg_catalog.setval('public."WhatsAppAyarlari_Id_seq"', 1, false);


--
-- Name: WhatsAppGrupUyeler_Id_seq; Type: SEQUENCE SET; Schema: public; Owner: postgres
--

SELECT pg_catalog.setval('public."WhatsAppGrupUyeler_Id_seq"', 1, false);


--
-- Name: WhatsAppGruplar_Id_seq; Type: SEQUENCE SET; Schema: public; Owner: postgres
--

SELECT pg_catalog.setval('public."WhatsAppGruplar_Id_seq"', 1, false);


--
-- Name: WhatsAppKisiler_Id_seq; Type: SEQUENCE SET; Schema: public; Owner: postgres
--

SELECT pg_catalog.setval('public."WhatsAppKisiler_Id_seq"', 1, false);


--
-- Name: WhatsAppMesajlar_Id_seq; Type: SEQUENCE SET; Schema: public; Owner: postgres
--

SELECT pg_catalog.setval('public."WhatsAppMesajlar_Id_seq"', 1, false);


--
-- Name: WhatsAppSablonlar_Id_seq; Type: SEQUENCE SET; Schema: public; Owner: postgres
--

SELECT pg_catalog.setval('public."WhatsAppSablonlar_Id_seq"', 1, false);


--
-- Name: Hatirlaticilar Hatirlaticilar_pkey; Type: CONSTRAINT; Schema: public; Owner: postgres
--

ALTER TABLE ONLY public."Hatirlaticilar"
    ADD CONSTRAINT "Hatirlaticilar_pkey" PRIMARY KEY ("Id");


--
-- Name: KullaniciBildirimleri KullaniciBildirimleri_pkey; Type: CONSTRAINT; Schema: public; Owner: postgres
--

ALTER TABLE ONLY public."KullaniciBildirimleri"
    ADD CONSTRAINT "KullaniciBildirimleri_pkey" PRIMARY KEY ("Id");


--
-- Name: KullaniciCarileri KullaniciCarileri_pkey; Type: CONSTRAINT; Schema: public; Owner: postgres
--

ALTER TABLE ONLY public."KullaniciCarileri"
    ADD CONSTRAINT "KullaniciCarileri_pkey" PRIMARY KEY ("Id");


--
-- Name: KullaniciMesajlari KullaniciMesajlari_pkey; Type: CONSTRAINT; Schema: public; Owner: postgres
--

ALTER TABLE ONLY public."KullaniciMesajlari"
    ADD CONSTRAINT "KullaniciMesajlari_pkey" PRIMARY KEY ("Id");


--
-- Name: KullaniciOturumlari KullaniciOturumlari_pkey; Type: CONSTRAINT; Schema: public; Owner: postgres
--

ALTER TABLE ONLY public."KullaniciOturumlari"
    ADD CONSTRAINT "KullaniciOturumlari_pkey" PRIMARY KEY ("Id");


--
-- Name: MailGonderimleri MailGonderimleri_pkey; Type: CONSTRAINT; Schema: public; Owner: postgres
--

ALTER TABLE ONLY public."MailGonderimleri"
    ADD CONSTRAINT "MailGonderimleri_pkey" PRIMARY KEY ("Id");


--
-- Name: MesajKonusmalari MesajKonusmalari_pkey; Type: CONSTRAINT; Schema: public; Owner: postgres
--

ALTER TABLE ONLY public."MesajKonusmalari"
    ADD CONSTRAINT "MesajKonusmalari_pkey" PRIMARY KEY ("Id");


--
-- Name: ModulYetkileri ModulYetkileri_pkey; Type: CONSTRAINT; Schema: public; Owner: postgres
--

ALTER TABLE ONLY public."ModulYetkileri"
    ADD CONSTRAINT "ModulYetkileri_pkey" PRIMARY KEY ("Id");


--
-- Name: AktiviteLoglar PK_AktiviteLoglar; Type: CONSTRAINT; Schema: public; Owner: postgres
--

ALTER TABLE ONLY public."AktiviteLoglar"
    ADD CONSTRAINT "PK_AktiviteLoglar" PRIMARY KEY ("Id");


--
-- Name: AracEvrakDosyalari PK_AracEvrakDosyalari; Type: CONSTRAINT; Schema: public; Owner: postgres
--

ALTER TABLE ONLY public."AracEvrakDosyalari"
    ADD CONSTRAINT "PK_AracEvrakDosyalari" PRIMARY KEY ("Id");


--
-- Name: AracEvraklari PK_AracEvraklari; Type: CONSTRAINT; Schema: public; Owner: postgres
--

ALTER TABLE ONLY public."AracEvraklari"
    ADD CONSTRAINT "PK_AracEvraklari" PRIMARY KEY ("Id");


--
-- Name: AracIlanlari PK_AracIlanlari; Type: CONSTRAINT; Schema: public; Owner: postgres
--

ALTER TABLE ONLY public."AracIlanlari"
    ADD CONSTRAINT "PK_AracIlanlari" PRIMARY KEY ("Id");


--
-- Name: AracMarkalari PK_AracMarkalari; Type: CONSTRAINT; Schema: public; Owner: postgres
--

ALTER TABLE ONLY public."AracMarkalari"
    ADD CONSTRAINT "PK_AracMarkalari" PRIMARY KEY ("Id");


--
-- Name: AracMasraflari PK_AracMasraflari; Type: CONSTRAINT; Schema: public; Owner: postgres
--

ALTER TABLE ONLY public."AracMasraflari"
    ADD CONSTRAINT "PK_AracMasraflari" PRIMARY KEY ("Id");


--
-- Name: AracModelleri PK_AracModelleri; Type: CONSTRAINT; Schema: public; Owner: postgres
--

ALTER TABLE ONLY public."AracModelleri"
    ADD CONSTRAINT "PK_AracModelleri" PRIMARY KEY ("Id");


--
-- Name: AracPlakalar PK_AracPlakalar; Type: CONSTRAINT; Schema: public; Owner: postgres
--

ALTER TABLE ONLY public."AracPlakalar"
    ADD CONSTRAINT "PK_AracPlakalar" PRIMARY KEY ("Id");


--
-- Name: AracSatislari PK_AracSatislari; Type: CONSTRAINT; Schema: public; Owner: postgres
--

ALTER TABLE ONLY public."AracSatislari"
    ADD CONSTRAINT "PK_AracSatislari" PRIMARY KEY ("Id");


--
-- Name: Araclar PK_Araclar; Type: CONSTRAINT; Schema: public; Owner: postgres
--

ALTER TABLE ONLY public."Araclar"
    ADD CONSTRAINT "PK_Araclar" PRIMARY KEY ("Id");


--
-- Name: AylikChecklistler PK_AylikChecklistler; Type: CONSTRAINT; Schema: public; Owner: postgres
--

ALTER TABLE ONLY public."AylikChecklistler"
    ADD CONSTRAINT "PK_AylikChecklistler" PRIMARY KEY ("Id");


--
-- Name: BankaHesaplari PK_BankaHesaplari; Type: CONSTRAINT; Schema: public; Owner: postgres
--

ALTER TABLE ONLY public."BankaHesaplari"
    ADD CONSTRAINT "PK_BankaHesaplari" PRIMARY KEY ("Id");


--
-- Name: BankaKasaHareketleri PK_BankaKasaHareketleri; Type: CONSTRAINT; Schema: public; Owner: postgres
--

ALTER TABLE ONLY public."BankaKasaHareketleri"
    ADD CONSTRAINT "PK_BankaKasaHareketleri" PRIMARY KEY ("Id");


--
-- Name: Bildirimler PK_Bildirimler; Type: CONSTRAINT; Schema: public; Owner: postgres
--

ALTER TABLE ONLY public."Bildirimler"
    ADD CONSTRAINT "PK_Bildirimler" PRIMARY KEY ("Id");


--
-- Name: BudgetMasrafKalemleri PK_BudgetMasrafKalemleri; Type: CONSTRAINT; Schema: public; Owner: postgres
--

ALTER TABLE ONLY public."BudgetMasrafKalemleri"
    ADD CONSTRAINT "PK_BudgetMasrafKalemleri" PRIMARY KEY ("Id");


--
-- Name: BudgetOdemeler PK_BudgetOdemeler; Type: CONSTRAINT; Schema: public; Owner: postgres
--

ALTER TABLE ONLY public."BudgetOdemeler"
    ADD CONSTRAINT "PK_BudgetOdemeler" PRIMARY KEY ("Id");


--
-- Name: Cariler PK_Cariler; Type: CONSTRAINT; Schema: public; Owner: postgres
--

ALTER TABLE ONLY public."Cariler"
    ADD CONSTRAINT "PK_Cariler" PRIMARY KEY ("Id");


--
-- Name: ChecklistKalemleri PK_ChecklistKalemleri; Type: CONSTRAINT; Schema: public; Owner: postgres
--

ALTER TABLE ONLY public."ChecklistKalemleri"
    ADD CONSTRAINT "PK_ChecklistKalemleri" PRIMARY KEY ("Id");


--
-- Name: DashboardWidgetlar PK_DashboardWidgetlar; Type: CONSTRAINT; Schema: public; Owner: postgres
--

ALTER TABLE ONLY public."DashboardWidgetlar"
    ADD CONSTRAINT "PK_DashboardWidgetlar" PRIMARY KEY ("Id");


--
-- Name: EmailAyarlari PK_EmailAyarlari; Type: CONSTRAINT; Schema: public; Owner: postgres
--

ALTER TABLE ONLY public."EmailAyarlari"
    ADD CONSTRAINT "PK_EmailAyarlari" PRIMARY KEY ("Id");


--
-- Name: FaturaKalemleri PK_FaturaKalemleri; Type: CONSTRAINT; Schema: public; Owner: postgres
--

ALTER TABLE ONLY public."FaturaKalemleri"
    ADD CONSTRAINT "PK_FaturaKalemleri" PRIMARY KEY ("Id");


--
-- Name: Faturalar PK_Faturalar; Type: CONSTRAINT; Schema: public; Owner: postgres
--

ALTER TABLE ONLY public."Faturalar"
    ADD CONSTRAINT "PK_Faturalar" PRIMARY KEY ("Id");


--
-- Name: Firmalar PK_Firmalar; Type: CONSTRAINT; Schema: public; Owner: postgres
--

ALTER TABLE ONLY public."Firmalar"
    ADD CONSTRAINT "PK_Firmalar" PRIMARY KEY ("Id");


--
-- Name: Guzergahlar PK_Guzergahlar; Type: CONSTRAINT; Schema: public; Owner: postgres
--

ALTER TABLE ONLY public."Guzergahlar"
    ADD CONSTRAINT "PK_Guzergahlar" PRIMARY KEY ("Id");


--
-- Name: KullaniciCariler PK_KullaniciCariler; Type: CONSTRAINT; Schema: public; Owner: postgres
--

ALTER TABLE ONLY public."KullaniciCariler"
    ADD CONSTRAINT "PK_KullaniciCariler" PRIMARY KEY ("Id");


--
-- Name: Kullanicilar PK_Kullanicilar; Type: CONSTRAINT; Schema: public; Owner: postgres
--

ALTER TABLE ONLY public."Kullanicilar"
    ADD CONSTRAINT "PK_Kullanicilar" PRIMARY KEY ("Id");


--
-- Name: Lisanslar PK_Lisanslar; Type: CONSTRAINT; Schema: public; Owner: postgres
--

ALTER TABLE ONLY public."Lisanslar"
    ADD CONSTRAINT "PK_Lisanslar" PRIMARY KEY ("Id");


--
-- Name: MasrafKalemleri PK_MasrafKalemleri; Type: CONSTRAINT; Schema: public; Owner: postgres
--

ALTER TABLE ONLY public."MasrafKalemleri"
    ADD CONSTRAINT "PK_MasrafKalemleri" PRIMARY KEY ("Id");


--
-- Name: Mesajlar PK_Mesajlar; Type: CONSTRAINT; Schema: public; Owner: postgres
--

ALTER TABLE ONLY public."Mesajlar"
    ADD CONSTRAINT "PK_Mesajlar" PRIMARY KEY ("Id");


--
-- Name: MuhasebeDonemleri PK_MuhasebeDonemleri; Type: CONSTRAINT; Schema: public; Owner: postgres
--

ALTER TABLE ONLY public."MuhasebeDonemleri"
    ADD CONSTRAINT "PK_MuhasebeDonemleri" PRIMARY KEY ("Id");


--
-- Name: MuhasebeFisKalemleri PK_MuhasebeFisKalemleri; Type: CONSTRAINT; Schema: public; Owner: postgres
--

ALTER TABLE ONLY public."MuhasebeFisKalemleri"
    ADD CONSTRAINT "PK_MuhasebeFisKalemleri" PRIMARY KEY ("Id");


--
-- Name: MuhasebeFisleri PK_MuhasebeFisleri; Type: CONSTRAINT; Schema: public; Owner: postgres
--

ALTER TABLE ONLY public."MuhasebeFisleri"
    ADD CONSTRAINT "PK_MuhasebeFisleri" PRIMARY KEY ("Id");


--
-- Name: MuhasebeHesaplari PK_MuhasebeHesaplari; Type: CONSTRAINT; Schema: public; Owner: postgres
--

ALTER TABLE ONLY public."MuhasebeHesaplari"
    ADD CONSTRAINT "PK_MuhasebeHesaplari" PRIMARY KEY ("Id");


--
-- Name: OdemeEslestirmeleri PK_OdemeEslestirmeleri; Type: CONSTRAINT; Schema: public; Owner: postgres
--

ALTER TABLE ONLY public."OdemeEslestirmeleri"
    ADD CONSTRAINT "PK_OdemeEslestirmeleri" PRIMARY KEY ("Id");


--
-- Name: PersonelIzinHaklari PK_PersonelIzinHaklari; Type: CONSTRAINT; Schema: public; Owner: postgres
--

ALTER TABLE ONLY public."PersonelIzinHaklari"
    ADD CONSTRAINT "PK_PersonelIzinHaklari" PRIMARY KEY ("Id");


--
-- Name: PersonelIzinleri PK_PersonelIzinleri; Type: CONSTRAINT; Schema: public; Owner: postgres
--

ALTER TABLE ONLY public."PersonelIzinleri"
    ADD CONSTRAINT "PK_PersonelIzinleri" PRIMARY KEY ("Id");


--
-- Name: PersonelMaaslari PK_PersonelMaaslari; Type: CONSTRAINT; Schema: public; Owner: postgres
--

ALTER TABLE ONLY public."PersonelMaaslari"
    ADD CONSTRAINT "PK_PersonelMaaslari" PRIMARY KEY ("Id");


--
-- Name: PiyasaIlanlari PK_PiyasaIlanlari; Type: CONSTRAINT; Schema: public; Owner: postgres
--

ALTER TABLE ONLY public."PiyasaIlanlari"
    ADD CONSTRAINT "PK_PiyasaIlanlari" PRIMARY KEY ("Id");


--
-- Name: RolYetkileri PK_RolYetkileri; Type: CONSTRAINT; Schema: public; Owner: postgres
--

ALTER TABLE ONLY public."RolYetkileri"
    ADD CONSTRAINT "PK_RolYetkileri" PRIMARY KEY ("Id");


--
-- Name: Roller PK_Roller; Type: CONSTRAINT; Schema: public; Owner: postgres
--

ALTER TABLE ONLY public."Roller"
    ADD CONSTRAINT "PK_Roller" PRIMARY KEY ("Id");


--
-- Name: SatisPersonelleri PK_SatisPersonelleri; Type: CONSTRAINT; Schema: public; Owner: postgres
--

ALTER TABLE ONLY public."SatisPersonelleri"
    ADD CONSTRAINT "PK_SatisPersonelleri" PRIMARY KEY ("Id");


--
-- Name: ServisCalismalari PK_ServisCalismalari; Type: CONSTRAINT; Schema: public; Owner: postgres
--

ALTER TABLE ONLY public."ServisCalismalari"
    ADD CONSTRAINT "PK_ServisCalismalari" PRIMARY KEY ("Id");


--
-- Name: Soforler PK_Soforler; Type: CONSTRAINT; Schema: public; Owner: postgres
--

ALTER TABLE ONLY public."Soforler"
    ADD CONSTRAINT "PK_Soforler" PRIMARY KEY ("Id");


--
-- Name: WhatsAppAyarlari PK_WhatsAppAyarlari; Type: CONSTRAINT; Schema: public; Owner: postgres
--

ALTER TABLE ONLY public."WhatsAppAyarlari"
    ADD CONSTRAINT "PK_WhatsAppAyarlari" PRIMARY KEY ("Id");


--
-- Name: WhatsAppGrupUyeler PK_WhatsAppGrupUyeler; Type: CONSTRAINT; Schema: public; Owner: postgres
--

ALTER TABLE ONLY public."WhatsAppGrupUyeler"
    ADD CONSTRAINT "PK_WhatsAppGrupUyeler" PRIMARY KEY ("Id");


--
-- Name: WhatsAppGruplar PK_WhatsAppGruplar; Type: CONSTRAINT; Schema: public; Owner: postgres
--

ALTER TABLE ONLY public."WhatsAppGruplar"
    ADD CONSTRAINT "PK_WhatsAppGruplar" PRIMARY KEY ("Id");


--
-- Name: WhatsAppKisiler PK_WhatsAppKisiler; Type: CONSTRAINT; Schema: public; Owner: postgres
--

ALTER TABLE ONLY public."WhatsAppKisiler"
    ADD CONSTRAINT "PK_WhatsAppKisiler" PRIMARY KEY ("Id");


--
-- Name: WhatsAppMesajlar PK_WhatsAppMesajlar; Type: CONSTRAINT; Schema: public; Owner: postgres
--

ALTER TABLE ONLY public."WhatsAppMesajlar"
    ADD CONSTRAINT "PK_WhatsAppMesajlar" PRIMARY KEY ("Id");


--
-- Name: WhatsAppSablonlar PK_WhatsAppSablonlar; Type: CONSTRAINT; Schema: public; Owner: postgres
--

ALTER TABLE ONLY public."WhatsAppSablonlar"
    ADD CONSTRAINT "PK_WhatsAppSablonlar" PRIMARY KEY ("Id");


--
-- Name: __EFMigrationsHistory PK___EFMigrationsHistory; Type: CONSTRAINT; Schema: public; Owner: postgres
--

ALTER TABLE ONLY public."__EFMigrationsHistory"
    ADD CONSTRAINT "PK___EFMigrationsHistory" PRIMARY KEY ("MigrationId");


--
-- Name: PiyasaKaynaklar PiyasaKaynaklar_pkey; Type: CONSTRAINT; Schema: public; Owner: postgres
--

ALTER TABLE ONLY public."PiyasaKaynaklar"
    ADD CONSTRAINT "PiyasaKaynaklar_pkey" PRIMARY KEY ("Id");


--
-- Name: Randevular Randevular_pkey; Type: CONSTRAINT; Schema: public; Owner: postgres
--

ALTER TABLE ONLY public."Randevular"
    ADD CONSTRAINT "Randevular_pkey" PRIMARY KEY ("Id");


--
-- Name: TekrarlayanOdemeler TekrarlayanOdemeler_pkey; Type: CONSTRAINT; Schema: public; Owner: postgres
--

ALTER TABLE ONLY public."TekrarlayanOdemeler"
    ADD CONSTRAINT "TekrarlayanOdemeler_pkey" PRIMARY KEY ("Id");


--
-- Name: IX_AktiviteLoglar_IslemZamani; Type: INDEX; Schema: public; Owner: postgres
--

CREATE INDEX "IX_AktiviteLoglar_IslemZamani" ON public."AktiviteLoglar" USING btree ("IslemZamani");


--
-- Name: IX_AktiviteLoglar_Modul_IslemTipi; Type: INDEX; Schema: public; Owner: postgres
--

CREATE INDEX "IX_AktiviteLoglar_Modul_IslemTipi" ON public."AktiviteLoglar" USING btree ("Modul", "IslemTipi");


--
-- Name: IX_AracEvrakDosyalari_AracEvrakId; Type: INDEX; Schema: public; Owner: postgres
--

CREATE INDEX "IX_AracEvrakDosyalari_AracEvrakId" ON public."AracEvrakDosyalari" USING btree ("AracEvrakId");


--
-- Name: IX_AracEvraklari_AracId_EvrakKategorisi; Type: INDEX; Schema: public; Owner: postgres
--

CREATE INDEX "IX_AracEvraklari_AracId_EvrakKategorisi" ON public."AracEvraklari" USING btree ("AracId", "EvrakKategorisi");


--
-- Name: IX_AracIlanlari_Plaka; Type: INDEX; Schema: public; Owner: postgres
--

CREATE INDEX "IX_AracIlanlari_Plaka" ON public."AracIlanlari" USING btree ("Plaka");


--
-- Name: IX_AracIlanlari_SahipCariId; Type: INDEX; Schema: public; Owner: postgres
--

CREATE INDEX "IX_AracIlanlari_SahipCariId" ON public."AracIlanlari" USING btree ("SahipCariId");


--
-- Name: IX_AracIlanlari_SatisPersoneliId; Type: INDEX; Schema: public; Owner: postgres
--

CREATE INDEX "IX_AracIlanlari_SatisPersoneliId" ON public."AracIlanlari" USING btree ("SatisPersoneliId");


--
-- Name: IX_AracMarkalari_MarkaAdi; Type: INDEX; Schema: public; Owner: postgres
--

CREATE UNIQUE INDEX "IX_AracMarkalari_MarkaAdi" ON public."AracMarkalari" USING btree ("MarkaAdi");


--
-- Name: IX_AracMasraflari_AracId; Type: INDEX; Schema: public; Owner: postgres
--

CREATE INDEX "IX_AracMasraflari_AracId" ON public."AracMasraflari" USING btree ("AracId");


--
-- Name: IX_AracMasraflari_GuzergahId; Type: INDEX; Schema: public; Owner: postgres
--

CREATE INDEX "IX_AracMasraflari_GuzergahId" ON public."AracMasraflari" USING btree ("GuzergahId");


--
-- Name: IX_AracMasraflari_MasrafKalemiId; Type: INDEX; Schema: public; Owner: postgres
--

CREATE INDEX "IX_AracMasraflari_MasrafKalemiId" ON public."AracMasraflari" USING btree ("MasrafKalemiId");


--
-- Name: IX_AracMasraflari_ServisCalismaId; Type: INDEX; Schema: public; Owner: postgres
--

CREATE INDEX "IX_AracMasraflari_ServisCalismaId" ON public."AracMasraflari" USING btree ("ServisCalismaId");


--
-- Name: IX_AracModelleri_MarkaId; Type: INDEX; Schema: public; Owner: postgres
--

CREATE INDEX "IX_AracModelleri_MarkaId" ON public."AracModelleri" USING btree ("MarkaId");


--
-- Name: IX_AracPlakalar_AracId; Type: INDEX; Schema: public; Owner: postgres
--

CREATE INDEX "IX_AracPlakalar_AracId" ON public."AracPlakalar" USING btree ("AracId");


--
-- Name: IX_AracPlakalar_CariId; Type: INDEX; Schema: public; Owner: postgres
--

CREATE INDEX "IX_AracPlakalar_CariId" ON public."AracPlakalar" USING btree ("CariId");


--
-- Name: IX_AracPlakalar_Plaka_CikisTarihi; Type: INDEX; Schema: public; Owner: postgres
--

CREATE INDEX "IX_AracPlakalar_Plaka_CikisTarihi" ON public."AracPlakalar" USING btree ("Plaka", "CikisTarihi") WHERE (("CikisTarihi" IS NULL) AND ("IsDeleted" = false));


--
-- Name: IX_AracSatislari_AliciCariId; Type: INDEX; Schema: public; Owner: postgres
--

CREATE INDEX "IX_AracSatislari_AliciCariId" ON public."AracSatislari" USING btree ("AliciCariId");


--
-- Name: IX_AracSatislari_AracIlanId; Type: INDEX; Schema: public; Owner: postgres
--

CREATE INDEX "IX_AracSatislari_AracIlanId" ON public."AracSatislari" USING btree ("AracIlanId");


--
-- Name: IX_AracSatislari_SatisPersoneliId; Type: INDEX; Schema: public; Owner: postgres
--

CREATE INDEX "IX_AracSatislari_SatisPersoneliId" ON public."AracSatislari" USING btree ("SatisPersoneliId");


--
-- Name: IX_Araclar_KiralikCariId; Type: INDEX; Schema: public; Owner: postgres
--

CREATE INDEX "IX_Araclar_KiralikCariId" ON public."Araclar" USING btree ("KiralikCariId");


--
-- Name: IX_Araclar_KomisyoncuCariId; Type: INDEX; Schema: public; Owner: postgres
--

CREATE INDEX "IX_Araclar_KomisyoncuCariId" ON public."Araclar" USING btree ("KomisyoncuCariId");


--
-- Name: IX_Araclar_SaseNo; Type: INDEX; Schema: public; Owner: postgres
--

CREATE UNIQUE INDEX "IX_Araclar_SaseNo" ON public."Araclar" USING btree ("SaseNo") WHERE ("IsDeleted" = false);


--
-- Name: IX_AylikChecklistler_AracId; Type: INDEX; Schema: public; Owner: postgres
--

CREATE INDEX "IX_AylikChecklistler_AracId" ON public."AylikChecklistler" USING btree ("AracId");


--
-- Name: IX_AylikChecklistler_GuzergahId; Type: INDEX; Schema: public; Owner: postgres
--

CREATE INDEX "IX_AylikChecklistler_GuzergahId" ON public."AylikChecklistler" USING btree ("GuzergahId");


--
-- Name: IX_AylikChecklistler_SoforId; Type: INDEX; Schema: public; Owner: postgres
--

CREATE INDEX "IX_AylikChecklistler_SoforId" ON public."AylikChecklistler" USING btree ("SoforId");


--
-- Name: IX_AylikChecklistler_Yil_Ay_ChecklistTipi_SoforId_AracId_Guzer~; Type: INDEX; Schema: public; Owner: postgres
--

CREATE INDEX "IX_AylikChecklistler_Yil_Ay_ChecklistTipi_SoforId_AracId_Guzer~" ON public."AylikChecklistler" USING btree ("Yil", "Ay", "ChecklistTipi", "SoforId", "AracId", "GuzergahId");


--
-- Name: IX_BankaHesaplari_HesapKodu; Type: INDEX; Schema: public; Owner: postgres
--

CREATE UNIQUE INDEX "IX_BankaHesaplari_HesapKodu" ON public."BankaHesaplari" USING btree ("HesapKodu");


--
-- Name: IX_BankaKasaHareketleri_BankaHesapId; Type: INDEX; Schema: public; Owner: postgres
--

CREATE INDEX "IX_BankaKasaHareketleri_BankaHesapId" ON public."BankaKasaHareketleri" USING btree ("BankaHesapId");


--
-- Name: IX_BankaKasaHareketleri_CariId; Type: INDEX; Schema: public; Owner: postgres
--

CREATE INDEX "IX_BankaKasaHareketleri_CariId" ON public."BankaKasaHareketleri" USING btree ("CariId");


--
-- Name: IX_BankaKasaHareketleri_IslemNo; Type: INDEX; Schema: public; Owner: postgres
--

CREATE UNIQUE INDEX "IX_BankaKasaHareketleri_IslemNo" ON public."BankaKasaHareketleri" USING btree ("IslemNo");


--
-- Name: IX_Bildirimler_KullaniciId; Type: INDEX; Schema: public; Owner: postgres
--

CREATE INDEX "IX_Bildirimler_KullaniciId" ON public."Bildirimler" USING btree ("KullaniciId");


--
-- Name: IX_BudgetMasrafKalemleri_KalemAdi; Type: INDEX; Schema: public; Owner: postgres
--

CREATE INDEX "IX_BudgetMasrafKalemleri_KalemAdi" ON public."BudgetMasrafKalemleri" USING btree ("KalemAdi");


--
-- Name: IX_BudgetOdemeler_FaturaId; Type: INDEX; Schema: public; Owner: postgres
--

CREATE INDEX "IX_BudgetOdemeler_FaturaId" ON public."BudgetOdemeler" USING btree ("FaturaId");


--
-- Name: IX_BudgetOdemeler_FirmaId; Type: INDEX; Schema: public; Owner: postgres
--

CREATE INDEX "IX_BudgetOdemeler_FirmaId" ON public."BudgetOdemeler" USING btree ("FirmaId");


--
-- Name: IX_BudgetOdemeler_OdemeYapildigiHesapId; Type: INDEX; Schema: public; Owner: postgres
--

CREATE INDEX "IX_BudgetOdemeler_OdemeYapildigiHesapId" ON public."BudgetOdemeler" USING btree ("OdemeYapildigiHesapId");


--
-- Name: IX_BudgetOdemeler_OdemeYil_OdemeAy_MasrafKalemi; Type: INDEX; Schema: public; Owner: postgres
--

CREATE INDEX "IX_BudgetOdemeler_OdemeYil_OdemeAy_MasrafKalemi" ON public."BudgetOdemeler" USING btree ("OdemeYil", "OdemeAy", "MasrafKalemi");


--
-- Name: IX_BudgetOdemeler_TaksitGrupId; Type: INDEX; Schema: public; Owner: postgres
--

CREATE INDEX "IX_BudgetOdemeler_TaksitGrupId" ON public."BudgetOdemeler" USING btree ("TaksitGrupId");


--
-- Name: IX_Cariler_CariKodu; Type: INDEX; Schema: public; Owner: postgres
--

CREATE UNIQUE INDEX "IX_Cariler_CariKodu" ON public."Cariler" USING btree ("CariKodu") WHERE ("IsDeleted" = false);


--
-- Name: IX_Cariler_FirmaId; Type: INDEX; Schema: public; Owner: postgres
--

CREATE INDEX "IX_Cariler_FirmaId" ON public."Cariler" USING btree ("FirmaId");


--
-- Name: IX_Cariler_MuhasebeHesapId; Type: INDEX; Schema: public; Owner: postgres
--

CREATE INDEX "IX_Cariler_MuhasebeHesapId" ON public."Cariler" USING btree ("MuhasebeHesapId");


--
-- Name: IX_Cariler_SoforId; Type: INDEX; Schema: public; Owner: postgres
--

CREATE INDEX "IX_Cariler_SoforId" ON public."Cariler" USING btree ("SoforId");


--
-- Name: IX_ChecklistKalemleri_AylikChecklistId; Type: INDEX; Schema: public; Owner: postgres
--

CREATE INDEX "IX_ChecklistKalemleri_AylikChecklistId" ON public."ChecklistKalemleri" USING btree ("AylikChecklistId");


--
-- Name: IX_DashboardWidgetlar_KullaniciId; Type: INDEX; Schema: public; Owner: postgres
--

CREATE INDEX "IX_DashboardWidgetlar_KullaniciId" ON public."DashboardWidgetlar" USING btree ("KullaniciId");


--
-- Name: IX_EmailAyarlari_KullaniciId; Type: INDEX; Schema: public; Owner: postgres
--

CREATE INDEX "IX_EmailAyarlari_KullaniciId" ON public."EmailAyarlari" USING btree ("KullaniciId");


--
-- Name: IX_FaturaKalemleri_FaturaId; Type: INDEX; Schema: public; Owner: postgres
--

CREATE INDEX "IX_FaturaKalemleri_FaturaId" ON public."FaturaKalemleri" USING btree ("FaturaId");


--
-- Name: IX_Faturalar_CariId; Type: INDEX; Schema: public; Owner: postgres
--

CREATE INDEX "IX_Faturalar_CariId" ON public."Faturalar" USING btree ("CariId");


--
-- Name: IX_Faturalar_FaturaNo; Type: INDEX; Schema: public; Owner: postgres
--

CREATE UNIQUE INDEX "IX_Faturalar_FaturaNo" ON public."Faturalar" USING btree ("FaturaNo");


--
-- Name: IX_Faturalar_FirmaId; Type: INDEX; Schema: public; Owner: postgres
--

CREATE INDEX "IX_Faturalar_FirmaId" ON public."Faturalar" USING btree ("FirmaId");


--
-- Name: IX_Firmalar_FirmaKodu; Type: INDEX; Schema: public; Owner: postgres
--

CREATE UNIQUE INDEX "IX_Firmalar_FirmaKodu" ON public."Firmalar" USING btree ("FirmaKodu");


--
-- Name: IX_Guzergahlar_CariId; Type: INDEX; Schema: public; Owner: postgres
--

CREATE INDEX "IX_Guzergahlar_CariId" ON public."Guzergahlar" USING btree ("CariId");


--
-- Name: IX_Guzergahlar_GuzergahKodu; Type: INDEX; Schema: public; Owner: postgres
--

CREATE UNIQUE INDEX "IX_Guzergahlar_GuzergahKodu" ON public."Guzergahlar" USING btree ("GuzergahKodu");


--
-- Name: IX_Hatirlaticilar_CariId; Type: INDEX; Schema: public; Owner: postgres
--

CREATE INDEX "IX_Hatirlaticilar_CariId" ON public."Hatirlaticilar" USING btree ("CariId");


--
-- Name: IX_Hatirlaticilar_Durum; Type: INDEX; Schema: public; Owner: postgres
--

CREATE INDEX "IX_Hatirlaticilar_Durum" ON public."Hatirlaticilar" USING btree ("Durum");


--
-- Name: IX_Hatirlaticilar_KullaniciId; Type: INDEX; Schema: public; Owner: postgres
--

CREATE INDEX "IX_Hatirlaticilar_KullaniciId" ON public."Hatirlaticilar" USING btree ("KullaniciId");


--
-- Name: IX_Hatirlaticilar_KullaniciId_HatirlatmaTarihi; Type: INDEX; Schema: public; Owner: postgres
--

CREATE INDEX "IX_Hatirlaticilar_KullaniciId_HatirlatmaTarihi" ON public."Hatirlaticilar" USING btree ("KullaniciId", "HatirlatmaTarihi");


--
-- Name: IX_KullaniciBildirimleri_KullaniciId_Okundu; Type: INDEX; Schema: public; Owner: postgres
--

CREATE INDEX "IX_KullaniciBildirimleri_KullaniciId_Okundu" ON public."KullaniciBildirimleri" USING btree ("KullaniciId", "Okundu");


--
-- Name: IX_KullaniciBildirimleri_OlusturmaTarihi; Type: INDEX; Schema: public; Owner: postgres
--

CREATE INDEX "IX_KullaniciBildirimleri_OlusturmaTarihi" ON public."KullaniciBildirimleri" USING btree ("OlusturmaTarihi");


--
-- Name: IX_KullaniciCariler_CariId; Type: INDEX; Schema: public; Owner: postgres
--

CREATE INDEX "IX_KullaniciCariler_CariId" ON public."KullaniciCariler" USING btree ("CariId");


--
-- Name: IX_KullaniciCariler_KullaniciId; Type: INDEX; Schema: public; Owner: postgres
--

CREATE INDEX "IX_KullaniciCariler_KullaniciId" ON public."KullaniciCariler" USING btree ("KullaniciId");


--
-- Name: IX_KullaniciCarileri_KullaniciId_CariId; Type: INDEX; Schema: public; Owner: postgres
--

CREATE UNIQUE INDEX "IX_KullaniciCarileri_KullaniciId_CariId" ON public."KullaniciCarileri" USING btree ("KullaniciId", "CariId");


--
-- Name: IX_KullaniciMesajlari_GonderenId_AliciId_GonderimTarihi; Type: INDEX; Schema: public; Owner: postgres
--

CREATE INDEX "IX_KullaniciMesajlari_GonderenId_AliciId_GonderimTarihi" ON public."KullaniciMesajlari" USING btree ("GonderenId", "AliciId", "GonderimTarihi");


--
-- Name: IX_KullaniciOturumlari_KullaniciId; Type: INDEX; Schema: public; Owner: postgres
--

CREATE INDEX "IX_KullaniciOturumlari_KullaniciId" ON public."KullaniciOturumlari" USING btree ("KullaniciId");


--
-- Name: IX_KullaniciOturumlari_OturumAnahtari; Type: INDEX; Schema: public; Owner: postgres
--

CREATE INDEX "IX_KullaniciOturumlari_OturumAnahtari" ON public."KullaniciOturumlari" USING btree ("OturumAnahtari");


--
-- Name: IX_Kullanicilar_KullaniciAdi; Type: INDEX; Schema: public; Owner: postgres
--

CREATE UNIQUE INDEX "IX_Kullanicilar_KullaniciAdi" ON public."Kullanicilar" USING btree ("KullaniciAdi");


--
-- Name: IX_Kullanicilar_RolId; Type: INDEX; Schema: public; Owner: postgres
--

CREATE INDEX "IX_Kullanicilar_RolId" ON public."Kullanicilar" USING btree ("RolId");


--
-- Name: IX_Kullanicilar_SoforId; Type: INDEX; Schema: public; Owner: postgres
--

CREATE INDEX "IX_Kullanicilar_SoforId" ON public."Kullanicilar" USING btree ("SoforId");


--
-- Name: IX_Lisanslar_LisansAnahtari; Type: INDEX; Schema: public; Owner: postgres
--

CREATE UNIQUE INDEX "IX_Lisanslar_LisansAnahtari" ON public."Lisanslar" USING btree ("LisansAnahtari");


--
-- Name: IX_MailGonderimleri_Durum; Type: INDEX; Schema: public; Owner: postgres
--

CREATE INDEX "IX_MailGonderimleri_Durum" ON public."MailGonderimleri" USING btree ("Durum");


--
-- Name: IX_MailGonderimleri_GonderimTarihi; Type: INDEX; Schema: public; Owner: postgres
--

CREATE INDEX "IX_MailGonderimleri_GonderimTarihi" ON public."MailGonderimleri" USING btree ("GonderimTarihi");


--
-- Name: IX_MasrafKalemleri_MasrafKodu; Type: INDEX; Schema: public; Owner: postgres
--

CREATE UNIQUE INDEX "IX_MasrafKalemleri_MasrafKodu" ON public."MasrafKalemleri" USING btree ("MasrafKodu");


--
-- Name: IX_MesajKonusmalari_Kullanici1Id_Kullanici2Id; Type: INDEX; Schema: public; Owner: postgres
--

CREATE UNIQUE INDEX "IX_MesajKonusmalari_Kullanici1Id_Kullanici2Id" ON public."MesajKonusmalari" USING btree ("Kullanici1Id", "Kullanici2Id");


--
-- Name: IX_Mesajlar_AliciId; Type: INDEX; Schema: public; Owner: postgres
--

CREATE INDEX "IX_Mesajlar_AliciId" ON public."Mesajlar" USING btree ("AliciId");


--
-- Name: IX_Mesajlar_GonderenId; Type: INDEX; Schema: public; Owner: postgres
--

CREATE INDEX "IX_Mesajlar_GonderenId" ON public."Mesajlar" USING btree ("GonderenId");


--
-- Name: IX_Mesajlar_UstMesajId; Type: INDEX; Schema: public; Owner: postgres
--

CREATE INDEX "IX_Mesajlar_UstMesajId" ON public."Mesajlar" USING btree ("UstMesajId");


--
-- Name: IX_ModulYetkileri_RolId_ModulKodu; Type: INDEX; Schema: public; Owner: postgres
--

CREATE UNIQUE INDEX "IX_ModulYetkileri_RolId_ModulKodu" ON public."ModulYetkileri" USING btree ("RolId", "ModulKodu");


--
-- Name: IX_MuhasebeDonemleri_Yil_Ay; Type: INDEX; Schema: public; Owner: postgres
--

CREATE UNIQUE INDEX "IX_MuhasebeDonemleri_Yil_Ay" ON public."MuhasebeDonemleri" USING btree ("Yil", "Ay");


--
-- Name: IX_MuhasebeFisKalemleri_CariId; Type: INDEX; Schema: public; Owner: postgres
--

CREATE INDEX "IX_MuhasebeFisKalemleri_CariId" ON public."MuhasebeFisKalemleri" USING btree ("CariId");


--
-- Name: IX_MuhasebeFisKalemleri_FisId; Type: INDEX; Schema: public; Owner: postgres
--

CREATE INDEX "IX_MuhasebeFisKalemleri_FisId" ON public."MuhasebeFisKalemleri" USING btree ("FisId");


--
-- Name: IX_MuhasebeFisKalemleri_HesapId; Type: INDEX; Schema: public; Owner: postgres
--

CREATE INDEX "IX_MuhasebeFisKalemleri_HesapId" ON public."MuhasebeFisKalemleri" USING btree ("HesapId");


--
-- Name: IX_MuhasebeFisleri_FisNo; Type: INDEX; Schema: public; Owner: postgres
--

CREATE UNIQUE INDEX "IX_MuhasebeFisleri_FisNo" ON public."MuhasebeFisleri" USING btree ("FisNo");


--
-- Name: IX_MuhasebeHesaplari_HesapKodu; Type: INDEX; Schema: public; Owner: postgres
--

CREATE UNIQUE INDEX "IX_MuhasebeHesaplari_HesapKodu" ON public."MuhasebeHesaplari" USING btree ("HesapKodu");


--
-- Name: IX_MuhasebeHesaplari_UstHesapId; Type: INDEX; Schema: public; Owner: postgres
--

CREATE INDEX "IX_MuhasebeHesaplari_UstHesapId" ON public."MuhasebeHesaplari" USING btree ("UstHesapId");


--
-- Name: IX_OdemeEslestirmeleri_BankaKasaHareketId; Type: INDEX; Schema: public; Owner: postgres
--

CREATE INDEX "IX_OdemeEslestirmeleri_BankaKasaHareketId" ON public."OdemeEslestirmeleri" USING btree ("BankaKasaHareketId");


--
-- Name: IX_OdemeEslestirmeleri_FaturaId; Type: INDEX; Schema: public; Owner: postgres
--

CREATE INDEX "IX_OdemeEslestirmeleri_FaturaId" ON public."OdemeEslestirmeleri" USING btree ("FaturaId");


--
-- Name: IX_PersonelIzinHaklari_SoforId_Yil; Type: INDEX; Schema: public; Owner: postgres
--

CREATE UNIQUE INDEX "IX_PersonelIzinHaklari_SoforId_Yil" ON public."PersonelIzinHaklari" USING btree ("SoforId", "Yil");


--
-- Name: IX_PersonelIzinleri_SoforId; Type: INDEX; Schema: public; Owner: postgres
--

CREATE INDEX "IX_PersonelIzinleri_SoforId" ON public."PersonelIzinleri" USING btree ("SoforId");


--
-- Name: IX_PersonelMaaslari_SoforId_Yil_Ay; Type: INDEX; Schema: public; Owner: postgres
--

CREATE UNIQUE INDEX "IX_PersonelMaaslari_SoforId_Yil_Ay" ON public."PersonelMaaslari" USING btree ("SoforId", "Yil", "Ay");


--
-- Name: IX_PiyasaIlanlari_AracIlanId; Type: INDEX; Schema: public; Owner: postgres
--

CREATE INDEX "IX_PiyasaIlanlari_AracIlanId" ON public."PiyasaIlanlari" USING btree ("AracIlanId");


--
-- Name: IX_Randevular_KullaniciId_BaslangicTarihi; Type: INDEX; Schema: public; Owner: postgres
--

CREATE INDEX "IX_Randevular_KullaniciId_BaslangicTarihi" ON public."Randevular" USING btree ("KullaniciId", "BaslangicTarihi");


--
-- Name: IX_RolYetkileri_RolId_YetkiKodu; Type: INDEX; Schema: public; Owner: postgres
--

CREATE UNIQUE INDEX "IX_RolYetkileri_RolId_YetkiKodu" ON public."RolYetkileri" USING btree ("RolId", "YetkiKodu");


--
-- Name: IX_Roller_RolAdi; Type: INDEX; Schema: public; Owner: postgres
--

CREATE UNIQUE INDEX "IX_Roller_RolAdi" ON public."Roller" USING btree ("RolAdi");


--
-- Name: IX_SatisPersonelleri_PersonelKodu; Type: INDEX; Schema: public; Owner: postgres
--

CREATE UNIQUE INDEX "IX_SatisPersonelleri_PersonelKodu" ON public."SatisPersonelleri" USING btree ("PersonelKodu");


--
-- Name: IX_ServisCalismalari_AracId; Type: INDEX; Schema: public; Owner: postgres
--

CREATE INDEX "IX_ServisCalismalari_AracId" ON public."ServisCalismalari" USING btree ("AracId");


--
-- Name: IX_ServisCalismalari_GuzergahId; Type: INDEX; Schema: public; Owner: postgres
--

CREATE INDEX "IX_ServisCalismalari_GuzergahId" ON public."ServisCalismalari" USING btree ("GuzergahId");


--
-- Name: IX_ServisCalismalari_SoforId; Type: INDEX; Schema: public; Owner: postgres
--

CREATE INDEX "IX_ServisCalismalari_SoforId" ON public."ServisCalismalari" USING btree ("SoforId");


--
-- Name: IX_Soforler_SoforKodu; Type: INDEX; Schema: public; Owner: postgres
--

CREATE UNIQUE INDEX "IX_Soforler_SoforKodu" ON public."Soforler" USING btree ("SoforKodu");


--
-- Name: IX_TekrarlayanOdemeler_FirmaId; Type: INDEX; Schema: public; Owner: postgres
--

CREATE INDEX "IX_TekrarlayanOdemeler_FirmaId" ON public."TekrarlayanOdemeler" USING btree ("FirmaId");


--
-- Name: IX_TekrarlayanOdemeler_MasrafKalemi; Type: INDEX; Schema: public; Owner: postgres
--

CREATE INDEX "IX_TekrarlayanOdemeler_MasrafKalemi" ON public."TekrarlayanOdemeler" USING btree ("MasrafKalemi");


--
-- Name: IX_WhatsAppAyarlari_KullaniciId; Type: INDEX; Schema: public; Owner: postgres
--

CREATE INDEX "IX_WhatsAppAyarlari_KullaniciId" ON public."WhatsAppAyarlari" USING btree ("KullaniciId");


--
-- Name: IX_WhatsAppGrupUyeler_GrupId_KisiId; Type: INDEX; Schema: public; Owner: postgres
--

CREATE UNIQUE INDEX "IX_WhatsAppGrupUyeler_GrupId_KisiId" ON public."WhatsAppGrupUyeler" USING btree ("GrupId", "KisiId") WHERE ("IsDeleted" = false);


--
-- Name: IX_WhatsAppGrupUyeler_KisiId; Type: INDEX; Schema: public; Owner: postgres
--

CREATE INDEX "IX_WhatsAppGrupUyeler_KisiId" ON public."WhatsAppGrupUyeler" USING btree ("KisiId");


--
-- Name: IX_WhatsAppKisiler_CariId; Type: INDEX; Schema: public; Owner: postgres
--

CREATE INDEX "IX_WhatsAppKisiler_CariId" ON public."WhatsAppKisiler" USING btree ("CariId");


--
-- Name: IX_WhatsAppKisiler_Telefon; Type: INDEX; Schema: public; Owner: postgres
--

CREATE UNIQUE INDEX "IX_WhatsAppKisiler_Telefon" ON public."WhatsAppKisiler" USING btree ("Telefon") WHERE ("IsDeleted" = false);


--
-- Name: IX_WhatsAppMesajlar_GonderenId; Type: INDEX; Schema: public; Owner: postgres
--

CREATE INDEX "IX_WhatsAppMesajlar_GonderenId" ON public."WhatsAppMesajlar" USING btree ("GonderenId");


--
-- Name: IX_WhatsAppMesajlar_GrupId; Type: INDEX; Schema: public; Owner: postgres
--

CREATE INDEX "IX_WhatsAppMesajlar_GrupId" ON public."WhatsAppMesajlar" USING btree ("GrupId");


--
-- Name: IX_WhatsAppMesajlar_KisiId; Type: INDEX; Schema: public; Owner: postgres
--

CREATE INDEX "IX_WhatsAppMesajlar_KisiId" ON public."WhatsAppMesajlar" USING btree ("KisiId");


--
-- Name: AracEvrakDosyalari FK_AracEvrakDosyalari_AracEvraklari_AracEvrakId; Type: FK CONSTRAINT; Schema: public; Owner: postgres
--

ALTER TABLE ONLY public."AracEvrakDosyalari"
    ADD CONSTRAINT "FK_AracEvrakDosyalari_AracEvraklari_AracEvrakId" FOREIGN KEY ("AracEvrakId") REFERENCES public."AracEvraklari"("Id") ON DELETE CASCADE;


--
-- Name: AracEvraklari FK_AracEvraklari_Araclar_AracId; Type: FK CONSTRAINT; Schema: public; Owner: postgres
--

ALTER TABLE ONLY public."AracEvraklari"
    ADD CONSTRAINT "FK_AracEvraklari_Araclar_AracId" FOREIGN KEY ("AracId") REFERENCES public."Araclar"("Id") ON DELETE CASCADE;


--
-- Name: AracIlanlari FK_AracIlanlari_Cariler_SahipCariId; Type: FK CONSTRAINT; Schema: public; Owner: postgres
--

ALTER TABLE ONLY public."AracIlanlari"
    ADD CONSTRAINT "FK_AracIlanlari_Cariler_SahipCariId" FOREIGN KEY ("SahipCariId") REFERENCES public."Cariler"("Id") ON DELETE SET NULL;


--
-- Name: AracIlanlari FK_AracIlanlari_SatisPersonelleri_SatisPersoneliId; Type: FK CONSTRAINT; Schema: public; Owner: postgres
--

ALTER TABLE ONLY public."AracIlanlari"
    ADD CONSTRAINT "FK_AracIlanlari_SatisPersonelleri_SatisPersoneliId" FOREIGN KEY ("SatisPersoneliId") REFERENCES public."SatisPersonelleri"("Id") ON DELETE SET NULL;


--
-- Name: AracMasraflari FK_AracMasraflari_Araclar_AracId; Type: FK CONSTRAINT; Schema: public; Owner: postgres
--

ALTER TABLE ONLY public."AracMasraflari"
    ADD CONSTRAINT "FK_AracMasraflari_Araclar_AracId" FOREIGN KEY ("AracId") REFERENCES public."Araclar"("Id") ON DELETE RESTRICT;


--
-- Name: AracMasraflari FK_AracMasraflari_Guzergahlar_GuzergahId; Type: FK CONSTRAINT; Schema: public; Owner: postgres
--

ALTER TABLE ONLY public."AracMasraflari"
    ADD CONSTRAINT "FK_AracMasraflari_Guzergahlar_GuzergahId" FOREIGN KEY ("GuzergahId") REFERENCES public."Guzergahlar"("Id") ON DELETE SET NULL;


--
-- Name: AracMasraflari FK_AracMasraflari_MasrafKalemleri_MasrafKalemiId; Type: FK CONSTRAINT; Schema: public; Owner: postgres
--

ALTER TABLE ONLY public."AracMasraflari"
    ADD CONSTRAINT "FK_AracMasraflari_MasrafKalemleri_MasrafKalemiId" FOREIGN KEY ("MasrafKalemiId") REFERENCES public."MasrafKalemleri"("Id") ON DELETE RESTRICT;


--
-- Name: AracMasraflari FK_AracMasraflari_ServisCalismalari_ServisCalismaId; Type: FK CONSTRAINT; Schema: public; Owner: postgres
--

ALTER TABLE ONLY public."AracMasraflari"
    ADD CONSTRAINT "FK_AracMasraflari_ServisCalismalari_ServisCalismaId" FOREIGN KEY ("ServisCalismaId") REFERENCES public."ServisCalismalari"("Id") ON DELETE SET NULL;


--
-- Name: AracModelleri FK_AracModelleri_AracMarkalari_MarkaId; Type: FK CONSTRAINT; Schema: public; Owner: postgres
--

ALTER TABLE ONLY public."AracModelleri"
    ADD CONSTRAINT "FK_AracModelleri_AracMarkalari_MarkaId" FOREIGN KEY ("MarkaId") REFERENCES public."AracMarkalari"("Id") ON DELETE CASCADE;


--
-- Name: AracPlakalar FK_AracPlakalar_Araclar_AracId; Type: FK CONSTRAINT; Schema: public; Owner: postgres
--

ALTER TABLE ONLY public."AracPlakalar"
    ADD CONSTRAINT "FK_AracPlakalar_Araclar_AracId" FOREIGN KEY ("AracId") REFERENCES public."Araclar"("Id") ON DELETE CASCADE;


--
-- Name: AracPlakalar FK_AracPlakalar_Cariler_CariId; Type: FK CONSTRAINT; Schema: public; Owner: postgres
--

ALTER TABLE ONLY public."AracPlakalar"
    ADD CONSTRAINT "FK_AracPlakalar_Cariler_CariId" FOREIGN KEY ("CariId") REFERENCES public."Cariler"("Id") ON DELETE SET NULL;


--
-- Name: AracSatislari FK_AracSatislari_AracIlanlari_AracIlanId; Type: FK CONSTRAINT; Schema: public; Owner: postgres
--

ALTER TABLE ONLY public."AracSatislari"
    ADD CONSTRAINT "FK_AracSatislari_AracIlanlari_AracIlanId" FOREIGN KEY ("AracIlanId") REFERENCES public."AracIlanlari"("Id") ON DELETE RESTRICT;


--
-- Name: AracSatislari FK_AracSatislari_Cariler_AliciCariId; Type: FK CONSTRAINT; Schema: public; Owner: postgres
--

ALTER TABLE ONLY public."AracSatislari"
    ADD CONSTRAINT "FK_AracSatislari_Cariler_AliciCariId" FOREIGN KEY ("AliciCariId") REFERENCES public."Cariler"("Id") ON DELETE SET NULL;


--
-- Name: AracSatislari FK_AracSatislari_SatisPersonelleri_SatisPersoneliId; Type: FK CONSTRAINT; Schema: public; Owner: postgres
--

ALTER TABLE ONLY public."AracSatislari"
    ADD CONSTRAINT "FK_AracSatislari_SatisPersonelleri_SatisPersoneliId" FOREIGN KEY ("SatisPersoneliId") REFERENCES public."SatisPersonelleri"("Id") ON DELETE SET NULL;


--
-- Name: Araclar FK_Araclar_Cariler_KiralikCariId; Type: FK CONSTRAINT; Schema: public; Owner: postgres
--

ALTER TABLE ONLY public."Araclar"
    ADD CONSTRAINT "FK_Araclar_Cariler_KiralikCariId" FOREIGN KEY ("KiralikCariId") REFERENCES public."Cariler"("Id") ON DELETE RESTRICT;


--
-- Name: Araclar FK_Araclar_Cariler_KomisyoncuCariId; Type: FK CONSTRAINT; Schema: public; Owner: postgres
--

ALTER TABLE ONLY public."Araclar"
    ADD CONSTRAINT "FK_Araclar_Cariler_KomisyoncuCariId" FOREIGN KEY ("KomisyoncuCariId") REFERENCES public."Cariler"("Id") ON DELETE RESTRICT;


--
-- Name: AylikChecklistler FK_AylikChecklistler_Araclar_AracId; Type: FK CONSTRAINT; Schema: public; Owner: postgres
--

ALTER TABLE ONLY public."AylikChecklistler"
    ADD CONSTRAINT "FK_AylikChecklistler_Araclar_AracId" FOREIGN KEY ("AracId") REFERENCES public."Araclar"("Id") ON DELETE RESTRICT;


--
-- Name: AylikChecklistler FK_AylikChecklistler_Guzergahlar_GuzergahId; Type: FK CONSTRAINT; Schema: public; Owner: postgres
--

ALTER TABLE ONLY public."AylikChecklistler"
    ADD CONSTRAINT "FK_AylikChecklistler_Guzergahlar_GuzergahId" FOREIGN KEY ("GuzergahId") REFERENCES public."Guzergahlar"("Id") ON DELETE RESTRICT;


--
-- Name: AylikChecklistler FK_AylikChecklistler_Soforler_SoforId; Type: FK CONSTRAINT; Schema: public; Owner: postgres
--

ALTER TABLE ONLY public."AylikChecklistler"
    ADD CONSTRAINT "FK_AylikChecklistler_Soforler_SoforId" FOREIGN KEY ("SoforId") REFERENCES public."Soforler"("Id") ON DELETE RESTRICT;


--
-- Name: BankaKasaHareketleri FK_BankaKasaHareketleri_BankaHesaplari_BankaHesapId; Type: FK CONSTRAINT; Schema: public; Owner: postgres
--

ALTER TABLE ONLY public."BankaKasaHareketleri"
    ADD CONSTRAINT "FK_BankaKasaHareketleri_BankaHesaplari_BankaHesapId" FOREIGN KEY ("BankaHesapId") REFERENCES public."BankaHesaplari"("Id") ON DELETE RESTRICT;


--
-- Name: BankaKasaHareketleri FK_BankaKasaHareketleri_Cariler_CariId; Type: FK CONSTRAINT; Schema: public; Owner: postgres
--

ALTER TABLE ONLY public."BankaKasaHareketleri"
    ADD CONSTRAINT "FK_BankaKasaHareketleri_Cariler_CariId" FOREIGN KEY ("CariId") REFERENCES public."Cariler"("Id") ON DELETE SET NULL;


--
-- Name: Bildirimler FK_Bildirimler_Kullanicilar_KullaniciId; Type: FK CONSTRAINT; Schema: public; Owner: postgres
--

ALTER TABLE ONLY public."Bildirimler"
    ADD CONSTRAINT "FK_Bildirimler_Kullanicilar_KullaniciId" FOREIGN KEY ("KullaniciId") REFERENCES public."Kullanicilar"("Id") ON DELETE CASCADE;


--
-- Name: BudgetOdemeler FK_BudgetOdemeler_BankaHesaplari_OdemeYapildigiHesapId; Type: FK CONSTRAINT; Schema: public; Owner: postgres
--

ALTER TABLE ONLY public."BudgetOdemeler"
    ADD CONSTRAINT "FK_BudgetOdemeler_BankaHesaplari_OdemeYapildigiHesapId" FOREIGN KEY ("OdemeYapildigiHesapId") REFERENCES public."BankaHesaplari"("Id");


--
-- Name: BudgetOdemeler FK_BudgetOdemeler_Faturalar_FaturaId; Type: FK CONSTRAINT; Schema: public; Owner: postgres
--

ALTER TABLE ONLY public."BudgetOdemeler"
    ADD CONSTRAINT "FK_BudgetOdemeler_Faturalar_FaturaId" FOREIGN KEY ("FaturaId") REFERENCES public."Faturalar"("Id");


--
-- Name: BudgetOdemeler FK_BudgetOdemeler_Firmalar_FirmaId; Type: FK CONSTRAINT; Schema: public; Owner: postgres
--

ALTER TABLE ONLY public."BudgetOdemeler"
    ADD CONSTRAINT "FK_BudgetOdemeler_Firmalar_FirmaId" FOREIGN KEY ("FirmaId") REFERENCES public."Firmalar"("Id");


--
-- Name: Cariler FK_Cariler_Firmalar_FirmaId; Type: FK CONSTRAINT; Schema: public; Owner: postgres
--

ALTER TABLE ONLY public."Cariler"
    ADD CONSTRAINT "FK_Cariler_Firmalar_FirmaId" FOREIGN KEY ("FirmaId") REFERENCES public."Firmalar"("Id");


--
-- Name: Cariler FK_Cariler_MuhasebeHesaplari_MuhasebeHesapId; Type: FK CONSTRAINT; Schema: public; Owner: postgres
--

ALTER TABLE ONLY public."Cariler"
    ADD CONSTRAINT "FK_Cariler_MuhasebeHesaplari_MuhasebeHesapId" FOREIGN KEY ("MuhasebeHesapId") REFERENCES public."MuhasebeHesaplari"("Id");


--
-- Name: Cariler FK_Cariler_Soforler_SoforId; Type: FK CONSTRAINT; Schema: public; Owner: postgres
--

ALTER TABLE ONLY public."Cariler"
    ADD CONSTRAINT "FK_Cariler_Soforler_SoforId" FOREIGN KEY ("SoforId") REFERENCES public."Soforler"("Id") ON DELETE SET NULL;


--
-- Name: ChecklistKalemleri FK_ChecklistKalemleri_AylikChecklistler_AylikChecklistId; Type: FK CONSTRAINT; Schema: public; Owner: postgres
--

ALTER TABLE ONLY public."ChecklistKalemleri"
    ADD CONSTRAINT "FK_ChecklistKalemleri_AylikChecklistler_AylikChecklistId" FOREIGN KEY ("AylikChecklistId") REFERENCES public."AylikChecklistler"("Id") ON DELETE CASCADE;


--
-- Name: DashboardWidgetlar FK_DashboardWidgetlar_Kullanicilar_KullaniciId; Type: FK CONSTRAINT; Schema: public; Owner: postgres
--

ALTER TABLE ONLY public."DashboardWidgetlar"
    ADD CONSTRAINT "FK_DashboardWidgetlar_Kullanicilar_KullaniciId" FOREIGN KEY ("KullaniciId") REFERENCES public."Kullanicilar"("Id") ON DELETE CASCADE;


--
-- Name: EmailAyarlari FK_EmailAyarlari_Kullanicilar_KullaniciId; Type: FK CONSTRAINT; Schema: public; Owner: postgres
--

ALTER TABLE ONLY public."EmailAyarlari"
    ADD CONSTRAINT "FK_EmailAyarlari_Kullanicilar_KullaniciId" FOREIGN KEY ("KullaniciId") REFERENCES public."Kullanicilar"("Id") ON DELETE SET NULL;


--
-- Name: FaturaKalemleri FK_FaturaKalemleri_Faturalar_FaturaId; Type: FK CONSTRAINT; Schema: public; Owner: postgres
--

ALTER TABLE ONLY public."FaturaKalemleri"
    ADD CONSTRAINT "FK_FaturaKalemleri_Faturalar_FaturaId" FOREIGN KEY ("FaturaId") REFERENCES public."Faturalar"("Id") ON DELETE CASCADE;


--
-- Name: Faturalar FK_Faturalar_Cariler_CariId; Type: FK CONSTRAINT; Schema: public; Owner: postgres
--

ALTER TABLE ONLY public."Faturalar"
    ADD CONSTRAINT "FK_Faturalar_Cariler_CariId" FOREIGN KEY ("CariId") REFERENCES public."Cariler"("Id") ON DELETE RESTRICT;


--
-- Name: Faturalar FK_Faturalar_Firmalar_FirmaId; Type: FK CONSTRAINT; Schema: public; Owner: postgres
--

ALTER TABLE ONLY public."Faturalar"
    ADD CONSTRAINT "FK_Faturalar_Firmalar_FirmaId" FOREIGN KEY ("FirmaId") REFERENCES public."Firmalar"("Id");


--
-- Name: Guzergahlar FK_Guzergahlar_Cariler_CariId; Type: FK CONSTRAINT; Schema: public; Owner: postgres
--

ALTER TABLE ONLY public."Guzergahlar"
    ADD CONSTRAINT "FK_Guzergahlar_Cariler_CariId" FOREIGN KEY ("CariId") REFERENCES public."Cariler"("Id") ON DELETE RESTRICT;


--
-- Name: Hatirlaticilar FK_Hatirlaticilar_Kullanicilar; Type: FK CONSTRAINT; Schema: public; Owner: postgres
--

ALTER TABLE ONLY public."Hatirlaticilar"
    ADD CONSTRAINT "FK_Hatirlaticilar_Kullanicilar" FOREIGN KEY ("KullaniciId") REFERENCES public."Kullanicilar"("Id") ON DELETE CASCADE;


--
-- Name: KullaniciBildirimleri FK_KullaniciBildirimleri_Kullanici; Type: FK CONSTRAINT; Schema: public; Owner: postgres
--

ALTER TABLE ONLY public."KullaniciBildirimleri"
    ADD CONSTRAINT "FK_KullaniciBildirimleri_Kullanici" FOREIGN KEY ("KullaniciId") REFERENCES public."Kullanicilar"("Id") ON DELETE CASCADE;


--
-- Name: KullaniciCariler FK_KullaniciCariler_Cariler_CariId; Type: FK CONSTRAINT; Schema: public; Owner: postgres
--

ALTER TABLE ONLY public."KullaniciCariler"
    ADD CONSTRAINT "FK_KullaniciCariler_Cariler_CariId" FOREIGN KEY ("CariId") REFERENCES public."Cariler"("Id") ON DELETE CASCADE;


--
-- Name: KullaniciCariler FK_KullaniciCariler_Kullanicilar_KullaniciId; Type: FK CONSTRAINT; Schema: public; Owner: postgres
--

ALTER TABLE ONLY public."KullaniciCariler"
    ADD CONSTRAINT "FK_KullaniciCariler_Kullanicilar_KullaniciId" FOREIGN KEY ("KullaniciId") REFERENCES public."Kullanicilar"("Id") ON DELETE CASCADE;


--
-- Name: KullaniciCarileri FK_KullaniciCarileri_Cari; Type: FK CONSTRAINT; Schema: public; Owner: postgres
--

ALTER TABLE ONLY public."KullaniciCarileri"
    ADD CONSTRAINT "FK_KullaniciCarileri_Cari" FOREIGN KEY ("CariId") REFERENCES public."Cariler"("Id") ON DELETE CASCADE;


--
-- Name: KullaniciCarileri FK_KullaniciCarileri_Kullanici; Type: FK CONSTRAINT; Schema: public; Owner: postgres
--

ALTER TABLE ONLY public."KullaniciCarileri"
    ADD CONSTRAINT "FK_KullaniciCarileri_Kullanici" FOREIGN KEY ("KullaniciId") REFERENCES public."Kullanicilar"("Id") ON DELETE CASCADE;


--
-- Name: KullaniciMesajlari FK_KullaniciMesajlari_Alici; Type: FK CONSTRAINT; Schema: public; Owner: postgres
--

ALTER TABLE ONLY public."KullaniciMesajlari"
    ADD CONSTRAINT "FK_KullaniciMesajlari_Alici" FOREIGN KEY ("AliciId") REFERENCES public."Kullanicilar"("Id") ON DELETE RESTRICT;


--
-- Name: KullaniciMesajlari FK_KullaniciMesajlari_Gonderen; Type: FK CONSTRAINT; Schema: public; Owner: postgres
--

ALTER TABLE ONLY public."KullaniciMesajlari"
    ADD CONSTRAINT "FK_KullaniciMesajlari_Gonderen" FOREIGN KEY ("GonderenId") REFERENCES public."Kullanicilar"("Id") ON DELETE RESTRICT;


--
-- Name: KullaniciOturumlari FK_KullaniciOturumlari_Kullanicilar; Type: FK CONSTRAINT; Schema: public; Owner: postgres
--

ALTER TABLE ONLY public."KullaniciOturumlari"
    ADD CONSTRAINT "FK_KullaniciOturumlari_Kullanicilar" FOREIGN KEY ("KullaniciId") REFERENCES public."Kullanicilar"("Id") ON DELETE CASCADE;


--
-- Name: Kullanicilar FK_Kullanicilar_Roller_RolId; Type: FK CONSTRAINT; Schema: public; Owner: postgres
--

ALTER TABLE ONLY public."Kullanicilar"
    ADD CONSTRAINT "FK_Kullanicilar_Roller_RolId" FOREIGN KEY ("RolId") REFERENCES public."Roller"("Id") ON DELETE RESTRICT;


--
-- Name: Kullanicilar FK_Kullanicilar_Soforler_SoforId; Type: FK CONSTRAINT; Schema: public; Owner: postgres
--

ALTER TABLE ONLY public."Kullanicilar"
    ADD CONSTRAINT "FK_Kullanicilar_Soforler_SoforId" FOREIGN KEY ("SoforId") REFERENCES public."Soforler"("Id") ON DELETE SET NULL;


--
-- Name: MailGonderimleri FK_MailGonderimleri_Kullanici; Type: FK CONSTRAINT; Schema: public; Owner: postgres
--

ALTER TABLE ONLY public."MailGonderimleri"
    ADD CONSTRAINT "FK_MailGonderimleri_Kullanici" FOREIGN KEY ("GonderenKullaniciId") REFERENCES public."Kullanicilar"("Id") ON DELETE RESTRICT;


--
-- Name: MesajKonusmalari FK_MesajKonusmalari_Kullanici1; Type: FK CONSTRAINT; Schema: public; Owner: postgres
--

ALTER TABLE ONLY public."MesajKonusmalari"
    ADD CONSTRAINT "FK_MesajKonusmalari_Kullanici1" FOREIGN KEY ("Kullanici1Id") REFERENCES public."Kullanicilar"("Id") ON DELETE RESTRICT;


--
-- Name: MesajKonusmalari FK_MesajKonusmalari_Kullanici2; Type: FK CONSTRAINT; Schema: public; Owner: postgres
--

ALTER TABLE ONLY public."MesajKonusmalari"
    ADD CONSTRAINT "FK_MesajKonusmalari_Kullanici2" FOREIGN KEY ("Kullanici2Id") REFERENCES public."Kullanicilar"("Id") ON DELETE RESTRICT;


--
-- Name: Mesajlar FK_Mesajlar_Kullanicilar_AliciId; Type: FK CONSTRAINT; Schema: public; Owner: postgres
--

ALTER TABLE ONLY public."Mesajlar"
    ADD CONSTRAINT "FK_Mesajlar_Kullanicilar_AliciId" FOREIGN KEY ("AliciId") REFERENCES public."Kullanicilar"("Id") ON DELETE SET NULL;


--
-- Name: Mesajlar FK_Mesajlar_Kullanicilar_GonderenId; Type: FK CONSTRAINT; Schema: public; Owner: postgres
--

ALTER TABLE ONLY public."Mesajlar"
    ADD CONSTRAINT "FK_Mesajlar_Kullanicilar_GonderenId" FOREIGN KEY ("GonderenId") REFERENCES public."Kullanicilar"("Id") ON DELETE CASCADE;


--
-- Name: Mesajlar FK_Mesajlar_Mesajlar_UstMesajId; Type: FK CONSTRAINT; Schema: public; Owner: postgres
--

ALTER TABLE ONLY public."Mesajlar"
    ADD CONSTRAINT "FK_Mesajlar_Mesajlar_UstMesajId" FOREIGN KEY ("UstMesajId") REFERENCES public."Mesajlar"("Id") ON DELETE SET NULL;


--
-- Name: ModulYetkileri FK_ModulYetkileri_Rol; Type: FK CONSTRAINT; Schema: public; Owner: postgres
--

ALTER TABLE ONLY public."ModulYetkileri"
    ADD CONSTRAINT "FK_ModulYetkileri_Rol" FOREIGN KEY ("RolId") REFERENCES public."Roller"("Id") ON DELETE CASCADE;


--
-- Name: MuhasebeFisKalemleri FK_MuhasebeFisKalemleri_Cariler_CariId; Type: FK CONSTRAINT; Schema: public; Owner: postgres
--

ALTER TABLE ONLY public."MuhasebeFisKalemleri"
    ADD CONSTRAINT "FK_MuhasebeFisKalemleri_Cariler_CariId" FOREIGN KEY ("CariId") REFERENCES public."Cariler"("Id") ON DELETE SET NULL;


--
-- Name: MuhasebeFisKalemleri FK_MuhasebeFisKalemleri_MuhasebeFisleri_FisId; Type: FK CONSTRAINT; Schema: public; Owner: postgres
--

ALTER TABLE ONLY public."MuhasebeFisKalemleri"
    ADD CONSTRAINT "FK_MuhasebeFisKalemleri_MuhasebeFisleri_FisId" FOREIGN KEY ("FisId") REFERENCES public."MuhasebeFisleri"("Id") ON DELETE CASCADE;


--
-- Name: MuhasebeFisKalemleri FK_MuhasebeFisKalemleri_MuhasebeHesaplari_HesapId; Type: FK CONSTRAINT; Schema: public; Owner: postgres
--

ALTER TABLE ONLY public."MuhasebeFisKalemleri"
    ADD CONSTRAINT "FK_MuhasebeFisKalemleri_MuhasebeHesaplari_HesapId" FOREIGN KEY ("HesapId") REFERENCES public."MuhasebeHesaplari"("Id") ON DELETE RESTRICT;


--
-- Name: MuhasebeHesaplari FK_MuhasebeHesaplari_MuhasebeHesaplari_UstHesapId; Type: FK CONSTRAINT; Schema: public; Owner: postgres
--

ALTER TABLE ONLY public."MuhasebeHesaplari"
    ADD CONSTRAINT "FK_MuhasebeHesaplari_MuhasebeHesaplari_UstHesapId" FOREIGN KEY ("UstHesapId") REFERENCES public."MuhasebeHesaplari"("Id") ON DELETE RESTRICT;


--
-- Name: OdemeEslestirmeleri FK_OdemeEslestirmeleri_BankaKasaHareketleri_BankaKasaHareketId; Type: FK CONSTRAINT; Schema: public; Owner: postgres
--

ALTER TABLE ONLY public."OdemeEslestirmeleri"
    ADD CONSTRAINT "FK_OdemeEslestirmeleri_BankaKasaHareketleri_BankaKasaHareketId" FOREIGN KEY ("BankaKasaHareketId") REFERENCES public."BankaKasaHareketleri"("Id") ON DELETE RESTRICT;


--
-- Name: OdemeEslestirmeleri FK_OdemeEslestirmeleri_Faturalar_FaturaId; Type: FK CONSTRAINT; Schema: public; Owner: postgres
--

ALTER TABLE ONLY public."OdemeEslestirmeleri"
    ADD CONSTRAINT "FK_OdemeEslestirmeleri_Faturalar_FaturaId" FOREIGN KEY ("FaturaId") REFERENCES public."Faturalar"("Id") ON DELETE RESTRICT;


--
-- Name: PersonelIzinHaklari FK_PersonelIzinHaklari_Soforler_SoforId; Type: FK CONSTRAINT; Schema: public; Owner: postgres
--

ALTER TABLE ONLY public."PersonelIzinHaklari"
    ADD CONSTRAINT "FK_PersonelIzinHaklari_Soforler_SoforId" FOREIGN KEY ("SoforId") REFERENCES public."Soforler"("Id") ON DELETE RESTRICT;


--
-- Name: PersonelIzinleri FK_PersonelIzinleri_Soforler_SoforId; Type: FK CONSTRAINT; Schema: public; Owner: postgres
--

ALTER TABLE ONLY public."PersonelIzinleri"
    ADD CONSTRAINT "FK_PersonelIzinleri_Soforler_SoforId" FOREIGN KEY ("SoforId") REFERENCES public."Soforler"("Id") ON DELETE RESTRICT;


--
-- Name: PersonelMaaslari FK_PersonelMaaslari_Soforler_SoforId; Type: FK CONSTRAINT; Schema: public; Owner: postgres
--

ALTER TABLE ONLY public."PersonelMaaslari"
    ADD CONSTRAINT "FK_PersonelMaaslari_Soforler_SoforId" FOREIGN KEY ("SoforId") REFERENCES public."Soforler"("Id") ON DELETE RESTRICT;


--
-- Name: PiyasaIlanlari FK_PiyasaIlanlari_AracIlanlari_AracIlanId; Type: FK CONSTRAINT; Schema: public; Owner: postgres
--

ALTER TABLE ONLY public."PiyasaIlanlari"
    ADD CONSTRAINT "FK_PiyasaIlanlari_AracIlanlari_AracIlanId" FOREIGN KEY ("AracIlanId") REFERENCES public."AracIlanlari"("Id") ON DELETE CASCADE;


--
-- Name: Randevular FK_Randevular_Kullanicilar; Type: FK CONSTRAINT; Schema: public; Owner: postgres
--

ALTER TABLE ONLY public."Randevular"
    ADD CONSTRAINT "FK_Randevular_Kullanicilar" FOREIGN KEY ("KullaniciId") REFERENCES public."Kullanicilar"("Id") ON DELETE CASCADE;


--
-- Name: RolYetkileri FK_RolYetkileri_Roller_RolId; Type: FK CONSTRAINT; Schema: public; Owner: postgres
--

ALTER TABLE ONLY public."RolYetkileri"
    ADD CONSTRAINT "FK_RolYetkileri_Roller_RolId" FOREIGN KEY ("RolId") REFERENCES public."Roller"("Id") ON DELETE CASCADE;


--
-- Name: ServisCalismalari FK_ServisCalismalari_Araclar_AracId; Type: FK CONSTRAINT; Schema: public; Owner: postgres
--

ALTER TABLE ONLY public."ServisCalismalari"
    ADD CONSTRAINT "FK_ServisCalismalari_Araclar_AracId" FOREIGN KEY ("AracId") REFERENCES public."Araclar"("Id") ON DELETE RESTRICT;


--
-- Name: ServisCalismalari FK_ServisCalismalari_Guzergahlar_GuzergahId; Type: FK CONSTRAINT; Schema: public; Owner: postgres
--

ALTER TABLE ONLY public."ServisCalismalari"
    ADD CONSTRAINT "FK_ServisCalismalari_Guzergahlar_GuzergahId" FOREIGN KEY ("GuzergahId") REFERENCES public."Guzergahlar"("Id") ON DELETE RESTRICT;


--
-- Name: ServisCalismalari FK_ServisCalismalari_Soforler_SoforId; Type: FK CONSTRAINT; Schema: public; Owner: postgres
--

ALTER TABLE ONLY public."ServisCalismalari"
    ADD CONSTRAINT "FK_ServisCalismalari_Soforler_SoforId" FOREIGN KEY ("SoforId") REFERENCES public."Soforler"("Id") ON DELETE RESTRICT;


--
-- Name: WhatsAppAyarlari FK_WhatsAppAyarlari_Kullanicilar_KullaniciId; Type: FK CONSTRAINT; Schema: public; Owner: postgres
--

ALTER TABLE ONLY public."WhatsAppAyarlari"
    ADD CONSTRAINT "FK_WhatsAppAyarlari_Kullanicilar_KullaniciId" FOREIGN KEY ("KullaniciId") REFERENCES public."Kullanicilar"("Id") ON DELETE SET NULL;


--
-- Name: WhatsAppGrupUyeler FK_WhatsAppGrupUyeler_WhatsAppGruplar_GrupId; Type: FK CONSTRAINT; Schema: public; Owner: postgres
--

ALTER TABLE ONLY public."WhatsAppGrupUyeler"
    ADD CONSTRAINT "FK_WhatsAppGrupUyeler_WhatsAppGruplar_GrupId" FOREIGN KEY ("GrupId") REFERENCES public."WhatsAppGruplar"("Id") ON DELETE CASCADE;


--
-- Name: WhatsAppGrupUyeler FK_WhatsAppGrupUyeler_WhatsAppKisiler_KisiId; Type: FK CONSTRAINT; Schema: public; Owner: postgres
--

ALTER TABLE ONLY public."WhatsAppGrupUyeler"
    ADD CONSTRAINT "FK_WhatsAppGrupUyeler_WhatsAppKisiler_KisiId" FOREIGN KEY ("KisiId") REFERENCES public."WhatsAppKisiler"("Id") ON DELETE CASCADE;


--
-- Name: WhatsAppKisiler FK_WhatsAppKisiler_Cariler_CariId; Type: FK CONSTRAINT; Schema: public; Owner: postgres
--

ALTER TABLE ONLY public."WhatsAppKisiler"
    ADD CONSTRAINT "FK_WhatsAppKisiler_Cariler_CariId" FOREIGN KEY ("CariId") REFERENCES public."Cariler"("Id") ON DELETE SET NULL;


--
-- Name: WhatsAppMesajlar FK_WhatsAppMesajlar_Kullanicilar_GonderenId; Type: FK CONSTRAINT; Schema: public; Owner: postgres
--

ALTER TABLE ONLY public."WhatsAppMesajlar"
    ADD CONSTRAINT "FK_WhatsAppMesajlar_Kullanicilar_GonderenId" FOREIGN KEY ("GonderenId") REFERENCES public."Kullanicilar"("Id") ON DELETE SET NULL;


--
-- Name: WhatsAppMesajlar FK_WhatsAppMesajlar_WhatsAppGruplar_GrupId; Type: FK CONSTRAINT; Schema: public; Owner: postgres
--

ALTER TABLE ONLY public."WhatsAppMesajlar"
    ADD CONSTRAINT "FK_WhatsAppMesajlar_WhatsAppGruplar_GrupId" FOREIGN KEY ("GrupId") REFERENCES public."WhatsAppGruplar"("Id") ON DELETE CASCADE;


--
-- Name: WhatsAppMesajlar FK_WhatsAppMesajlar_WhatsAppKisiler_KisiId; Type: FK CONSTRAINT; Schema: public; Owner: postgres
--

ALTER TABLE ONLY public."WhatsAppMesajlar"
    ADD CONSTRAINT "FK_WhatsAppMesajlar_WhatsAppKisiler_KisiId" FOREIGN KEY ("KisiId") REFERENCES public."WhatsAppKisiler"("Id") ON DELETE CASCADE;


--
-- Name: TekrarlayanOdemeler TekrarlayanOdemeler_FirmaId_fkey; Type: FK CONSTRAINT; Schema: public; Owner: postgres
--

ALTER TABLE ONLY public."TekrarlayanOdemeler"
    ADD CONSTRAINT "TekrarlayanOdemeler_FirmaId_fkey" FOREIGN KEY ("FirmaId") REFERENCES public."Firmalar"("Id") ON DELETE SET NULL;


--
-- PostgreSQL database dump complete
--

